{"paths":{"0":["audios/1",0],"1":["audios/2",0],"2":["audios/3",0],"3":["audios/4",0],"4":["audios/5",0],"5":["audios/6",0],"6":["audios/7",0],"7":["audios/8",0],"8":["audios/9",0],"9":["audios/成功潜入飞碟内部",0],"10":["audios/吹哨",0],"11":["audios/垂直",0],"12":["audios/错误点击",0],"13":["audios/错误音效",0],"14":["audios/倒计时",0],"15":["audios/的物品",0],"16":["audios/点击音效",0],"17":["audios/钝角",0],"18":["audios/多人欢呼",0],"19":["audios/放置音效",0],"20":["audios/飞碟抢走了大家的东西，我们去把它们找回来",0],"21":["audios/个",0],"22":["audios/恭喜你找回所有物品",0],"23":["audios/鼓掌声-强",0],"24":["audios/鼓掌声-弱",0],"25":["audios/鼓掌声-中",0],"26":["audios/哈找对了",0],"27":["audios/好眼力",0],"28":["audios/欢呼音效",0],"29":["audios/理想",0],"30":["audios/嗯",0],"31":["audios/你没有找回所有的物品哦",0],"32":["audios/你真棒",0],"33":["audios/碰撞音效",0],"34":["audios/平行线",0],"35":["audios/锐角",0],"36":["audios/拖动音效",0],"37":["audios/现在",0],"38":["audios/消瘦肥胖",0],"39":["audios/星星音效",0],"40":["audios/音效/弹出",0],"41":["audios/音效/弹出1",0],"42":["audios/音效/蛋君飞行",0],"43":["audios/音效/飞碟",0],"44":["audios/音效/夜空底噪",0],"45":["audios/音效/right",0],"46":["audios/音效/wrong_bass",0],"47":["audios/在想想",0],"48":["audios/找出含有",0],"49":["audios/找错咯",0],"50":["audios/正确点击",0],"51":["audios/正确音效",0],"52":["audios/直角",0],"53":["audios/bgm",0],"54":["audios/click_bubble",0],"55":["prefab/ui/Item/levelProgress",1],"56":["prefab/ui/Item/titleBoard",1],"57":["prefab/ui/panel/GamePanel",1],"58":["prefab/ui/panel/TeacherPanel",1]},"types":["cc.AudioClip","cc.Prefab"],"uuids":["ec1DuokrNK84bGQAR6aPj1","5f74aDUTxBjoGKyUyjq2eh","bcOv+quzlE1oOoqTDS1CGu","1125pqODpMW4hdVAyTG3BK","2bBPQtNDRP3IDKSr+f8lvV","eaks+XD+dD7Lj1wg8rqYUB","deU+ZfaktCjpMrOrBAEWqs","2bTgkVz1pHRoUruopDiMk0","6bDdqj4q5DxpFW7Zg3FMnd","09T12Gp8JD+IJwG6zt13vL","35bAz/d0FEO5hNKzi8WA4D","8f8caLhdFLf4PTbhomIe5B","d9QpFrOxtFq7nOOl2G4wSl","2e+LA4kLdAGq7XXwy5rA/C","9aEfSkfSVNGY7v5il8Vcj+","a6AdJBNqxLAI3lAtqgZ33P","792e5aiHNFfIHs73OuqTj9","64zPHCKe9Ha5vwfkzo2CG7","e8CxASyZtJtrlAK3RvHDio","d1T5mp371PFKR0dUARZK8P","66Kektwv9Onb68yc8X78Cs","9e6ra52eJE5Z0n/xXIxtZo","0fFMQxxdZFwILJh0fIEzzP","0eS6rTWfJNa71GvmSsYIHv","c9Q8TlT0pIoogQDUucsUUd","88cm8RFK5Mm4umZhFwjR/o","90wlKW1r9IO5RpLN9O2q1f","6e7I9z9mdDFa+7+nBaFGl1","59CoNg9LNEmrqKBnITzXaQ","bcpq/j0NpCY4ZWTBNystYH","10gJ7MdctL44Femk7BTUnb","07PRy8ZthPP7vs1SfXDisq","2bBSnTe6ZHVqULo4KZCw48","1fV6oYLRtO+o8aIp+lXbhJ","94Xb4aqzVNGo6REYS/9Dgo","f5NNY9PqxCyoe91eaNQ773","1d92jROi5FoYc/L0GTH11g","6bFOhVHuhCNpKQzBXdrWa5","e8DKr0thRF57nEyYT9xXxk","8eocCeiT1CkK8Bm+O4SNGv","1fHfVsTJtNLJ9BEa04qB9F","097XT7G7VFr6yumOeKqhpE","1egGtmX7ZPm6FVAcKBUYKG","41o2K1HSpMYYSXoGpYiNrV","74BgWh9J9I65WlOoB/rgtV","94TfndMZZBYZk8DSO22ODf","99VrzkfCROLrvxPXZYtNae","fb4BpuNbJGBZC1XNrrt8P1","75BXCM9dNK7bFzG9sUYs/m","c1VCHDgwFLVo/OO9ciYpsz","d3pdFpdHFPlLGfzCkEvQLX","5dEXFEigJCBbk4mOJoSbH2","e4yijPaZlDz4StSzoBLHJ4","d6+PthB+9KP5qMGV2fODqe","59U3kmNrhE/biUT40mkZYG","07P9T3TBFNdbKyrQ+qqpoR","0fXsoQE5xNN49CN5F+6BzR","32+FX7rEVKcJkkZSzITPiN","62rz3SUm9N9oHvw7KM9Kh5","2auoJYJ4pJ2I0/n84Jc4xZ","705SAQGTxCA6ISi5D1n9aw","6fHgk/ZMJNn7cCOfNkJ1xy","2aN1fdLhBG8r9XFUq/ZcP2","f14KdVzGhL/ItWzntv5ijT","d64QFT3UdLIKHqPCy5Fx8l","9dYje1mgpH+rQTfiHOnltp","9bRVjHugBI25kvhV7m14YQ","d8zMh14xNB8aWuVCKX7TpV","0fOBjZQFxJRJ3fA3g2952G","56hQLt6ZFK0YE4jFeWlz80","0al1eFV/FF/pW+hSvqZAwU","712vbcbspI34nEBrk7bpsa","9dTCeIehVHEKXsuKe7PcvG","34bxWDwA9DnKyBa/Lom+c8","9fIWFNtw5C0Z3EH4oHXMz1","bc8giDpIxDcr0fODbh6kQ3","bffLI3bHJNtaaGw2m2A3NO","3a0ZdymcdGuZfQw/5SOXOT","5cyoLBbUNGspoKXM6FaIMd","3eZjdolLZAvb0OHXmzqkwU","56nFeN3GFPd569uu1DUoVH","f4Mp56WwBEp7X60AGvbtKz","a6p3U1ZAFGiphSE2yS5/ig","00Ys0PdqVMq52oZMVCf1/A","b7QFI3GE9HJJktVwjumQU3","dbHUx1ZHhPK7C6hB4/M85m","07SIKd2d9KgIvKMqSK3M8T","d8YORt10tEp6d4WEk+rQZ0","3f3qdjUTdPyqHzKPpp1nXJ","47JpVwXkJKf5F9VDbZRTwV","5fzR1mtiZAOLHTyUduup7n","04MtkfPS1KP6bPlSG+3KOk","becnjvSNxKq5m3Ri6tAlki","7dnoEMdPFC0qwjr5DCdExo","9c/abuhMNNxq2rJ/oLZ2DK","0ePc8RdydCxqrPGDMCIbdw","8b431yWTRG171ntgdMU/vX","aeo4VPlX9I5q0PZSetoJRg","82dgMT7EFClbUfSUovpb00","baKuKfV3NKoqVSbAattnt+","eesUm8FQ9Oco/brP6LOoJD","3eP5XCvwBOTIbRJFACq3zY","9dYAAftfRHJqYpJlnj3tC4","ed0hW5J5ZKBar1gflskoHO","56fc2Ai/RFNYpaMT8crweK","d608qFRoFHwbXd0Dap056i","d8HsitJHxOYqo801xBk8ev","e8Ueib+qJEhL6mXAHdnwbi","b4P/PCArtIdIH38t6mlw8Y","61cyPdEfRN047sDK9rO0W5","71VhFCTINJM6/Ky3oX9nBT","58MfI42OJASKcPaEj0RgZp","1b36c3b69","ecpdLyjvZBwrvm+cedCcQy","81IUWcisVCl5pQ0hqq8L81","7a/QZLET9IDreTiBfRn2PD","d5ul8M6vpKEpuc981aVRYt","47t8O2AQJMm5ti7zYMym9W","8f8vX0l95K7oyvv2EETXcu","3d7mCgbJxHHZChL0LuM8Mf","05c+YLBltDYqvpNkKLidhK","54oGEpFQ1Dj6E0Fcf0SVG3","fdcfTwR8JNqJV6MTzXEB1o","07Gq5QlnpCBJPrEbDLYdFW","f42NqaGIpGmLsgzxnJ12za","58KFEhP4JIIL4VGVit7pbA","d6IoCBTkJC6a++3TaEC29J","c5mgGQ/IpAyobJlCP32KWp","cbqTzUWSxKyKV3g20pml74","31tWO/hDdEkZhx7PaFhe7W","b1hCZNU/ZLm56C/YWdRA58","aamrLu9iNEGZiD9pntGZUP","73litmu2BLLIWaUqQtscMk","97SbzhzTdLkpGQT6A79JiA","671QLvYNxJbbfEZ91Xg45O","492nRlrZBEYqlKPFdfF5N5","50vAIzwQJHpY7UIjgbN4qC","96D/hNushHXYPwIYmPPSyG","8bS+Hq5ApF0qpKipAb0/vH","90XgGW7j1BP5VdXg0rlHym","07khgKtlVEVY5qtzp8sMzB","3eUs0h3hFPyoZZYBDLsUCC","22bOa0jFREP6Toub/CfTL5","76jLDs5MVA2rdJtbxeKV55","8dZd9TbZ9GyY8CgSONwZQ2","a2MjXRFdtLlYQ5ouAFv/+R","b1H8NO0utMvY0qIsifbRjV","deA8Epw2hBFYvdWnJwh+e/","9a3aDW0BtIarke8cYLPxro","1848nwEQRAmK0B5OEEazwA","abPRjCsthAfbm3vxhAbtI+","9cL69PR/FJn7YwCyGCRL3d","c4ZAi1dHVPopfW1qNs+ei2","b9IuFn7PRBvY+2o7969DIS","20Vb+fgrJLa6G3ti2bmCkc","4aSP8j8alIsKxzwsNSUwa7","77GaU6F0hPzL7vV9ObHHz8","f2474YgyFHT5iPzdJrl9YQ","3dxWMkgXFGv6hdydm2SSxh","76OlHWMbZC75J0XVSi3dgZ","1aMvx28L1PZpgPVpKcDKCz","e7q6FL+VZEgLJUjVeDLic/","ffDpHHVcZAhqOfy25Fe4w7","5cO7kybDxGj4ipyMYdRYZB","9bvaMerUlDyary99mJa6xp","f0BIwQ8D5Ml7nTNQbh1YlS","e97GVMl6JHh5Ml5qEDdSGa","29FYIk+N1GYaeWH/q1NxQO","5f5dyqtRNNxaFmVzYns6FZ","31dyOYhK5DH6xtK1ew1mdi","78/dcSo/JEdafSAhXCTM6e","93u2P5heJI+qXs6oddCrFt","02delMVqdBD70a/HSD99FK"],"scenes":{},"redirect":[113,0,115,0,172,0],"deps":["internal"],"packs":{"075345333":[55,59,114],"0c9911bb5":[160,167,169,163,168,58,159,170,171,164,161,166,165,162],"0ead8e951":[56,117,116],"068a8ae8a":[120,123,140,149,154,142,129,57,158,119,141,135,155,136,121,125,134,60,132,143,156,138,144,118,139,137,133,148,151,131,150,146,130,153,152,127,128,126,147,157,124,122],"0343d66a0":[83,91,86,70,95,68,112,62,73,77,101,79,88,89,104,69,80,111,78,90,109,61,110,71,93,98,96,66,94,72,102,65,74,82,97,108,84,99,75,92,76,105,64,106,87,67,85,107,103,100,63,81]},"name":"resources","importBase":"import","nativeBase":"native","debug":false,"isZip":false,"encrypted":false,"versions":{"import":["0343d66a0","f5f69","068a8ae8a","e6108",31,"58a86","075345333","ee34e",9,"8d6fd",41,"d95ee","0c9911bb5","f4825",23,"5891c","0ead8e951","e5357",22,"8e297",30,"79bbf",3,"b0d89",36,"213e3",42,"6cdfc",40,"9b3d9",33,"3441d",4,"78e3c",32,"cd98d",7,"70dc4",13,"ccd5f",10,"2fde4",43,"383cf",28,"75110",54,"5bb7a",51,"ac5d3",1,"eca4e",17,"08362",20,"fdd6f",8,"4cc66",37,"074a1",27,"08850",44,"3d493",48,"df820",16,"04bfa",25,"7b55b",39,"9662c",11,"9057b",26,"aa529",45,"be412",34,"96514",46,"640ef",14,"2b827",21,"3c1f4",145,"43d76",15,"21085",2,"ebe19",29,"ac564",49,"0b425",24,"b7302",19,"0932b",50,"ec767",53,"1c68f",12,"3a9cc",6,"02e6f",52,"9944e",18,"ba5fd",38,"282f4",5,"106ea",0,"f9117",35,"f49d7",47,"a7d02"],"native":[83,"c97ce",91,"b2082",31,"68d6d",86,"9f353",9,"bc66c",41,"e196b",70,"79841",95,"49ab3",23,"32c63",22,"1b332",68,"73cf8",30,"7e219",3,"1b0ba",112,"e1166",36,"7c11b",42,"7c501",40,"80b9f",33,"ee8f0",62,"1de51",59,"8a0b6",4,"4a246",32,"e3190",7,"db2e4",13,"aad24",73,"71017",10,"99347",77,"2d02f",101,"af942",79,"a7aa1",88,"039fd",43,"8dab3",89,"772de",104,"5f1d9",69,"b62f9",80,"2f18a",111,"17dd6",28,"7a898",54,"efc42",78,"f6163",51,"a2fb0",90,"af72b",1,"ef9b5",109,"6d707",17,"86cd6",20,"90256",8,"64929",37,"fecf3",27,"ca8a4",61,"f2166",60,"6af9d",110,"c06a9",71,"ee4e9",44,"57ccc",48,"23713",16,"56f6c",93,"aec45",98,"70264",25,"847c6",96,"e5c55",39,"4b69d",11,"d9542",26,"7e41d",45,"be2a4",34,"8319c",46,"c3753",14,"a6988",66,"da5f4",94,"c22aa",72,"f219d",102,"e0234",65,"87c0d",21,"6b9d1",74,"87f81",15,"8e239",82,"5d1bc",97,"bae1d",108,"83fcc",84,"31fae",99,"ea551",2,"a583f",29,"6070d",75,"acb2e",92,"8f3fc",76,"ccd80",49,"4520d",24,"d1c59",19,"731bb",50,"8badc",105,"d55c2",64,"76a0e",53,"eb42e",106,"cdbc9",87,"cac71",67,"c33d9",12,"adca4",85,"fb384",6,"32799",52,"66b06",18,"cd17a",38,"049af",107,"90cf4",5,"f85e7",0,"87964",103,"17df6",100,"5d321",63,"979fa",81,"cee4b",35,"c47d4",47,"bf5d5"]}}