{"paths":{"0":["audios/吹哨",0],"1":["audios/错误点击",0],"2":["audios/错误音效",0],"3":["audios/倒计时",0],"4":["audios/点击音效",0],"5":["audios/多人欢呼",0],"6":["audios/放置音效",0],"7":["audios/鼓掌声-强",0],"8":["audios/鼓掌声-弱",0],"9":["audios/鼓掌声-中",0],"10":["audios/欢呼音效",0],"11":["audios/理想",0],"12":["audios/碰撞音效",0],"13":["audios/拖动音效",0],"14":["audios/消瘦肥胖",0],"15":["audios/星星音效",0],"16":["audios/正确点击",0],"17":["audios/正确音效",0],"18":["audios/bgm",0],"19":["audios/click_bubble",0],"20":["prefab/ui/Item/levelProgress",1],"21":["prefab/ui/Item/titleBoard",1],"22":["prefab/ui/panel/GamePanel",1],"23":["prefab/ui/panel/TeacherPanel",1]},"types":["cc.AudioClip","cc.Prefab"],"uuids":["35bAz/d0FEO5hNKzi8WA4D","d9QpFrOxtFq7nOOl2G4wSl","2e+LA4kLdAGq7XXwy5rA/C","9aEfSkfSVNGY7v5il8Vcj+","792e5aiHNFfIHs73OuqTj9","e8CxASyZtJtrlAK3RvHDio","d1T5mp371PFKR0dUARZK8P","0eS6rTWfJNa71GvmSsYIHv","c9Q8TlT0pIoogQDUucsUUd","88cm8RFK5Mm4umZhFwjR/o","59CoNg9LNEmrqKBnITzXaQ","bcpq/j0NpCY4ZWTBNystYH","1fV6oYLRtO+o8aIp+lXbhJ","1d92jROi5FoYc/L0GTH11g","e8DKr0thRF57nEyYT9xXxk","8eocCeiT1CkK8Bm+O4SNGv","d3pdFpdHFPlLGfzCkEvQLX","5dEXFEigJCBbk4mOJoSbH2","d6+PthB+9KP5qMGV2fODqe","59U3kmNrhE/biUT40mkZYG","07P9T3TBFNdbKyrQ+qqpoR","0fXsoQE5xNN49CN5F+6BzR","32+FX7rEVKcJkkZSzITPiN","62rz3SUm9N9oHvw7KM9Kh5","2auoJYJ4pJ2I0/n84Jc4xZ","705SAQGTxCA6ISi5D1n9aw","2aN1fdLhBG8r9XFUq/ZcP2","b4P/PCArtIdIH38t6mlw8Y","e8Ueib+qJEhL6mXAHdnwbi","71VhFCTINJM6/Ky3oX9nBT","9dYAAftfRHJqYpJlnj3tC4","56fc2Ai/RFNYpaMT8crweK","d8HsitJHxOYqo801xBk8ev","ed0hW5J5ZKBar1gflskoHO","58MfI42OJASKcPaEj0RgZp","d64QFT3UdLIKHqPCy5Fx8l","6fHgk/ZMJNn7cCOfNkJ1xy","f14KdVzGhL/ItWzntv5ijT","d8zMh14xNB8aWuVCKX7TpV","9bRVjHugBI25kvhV7m14YQ","9dYje1mgpH+rQTfiHOnltp","89pxJlCktJUJsAPi8Rb1H1","0fOBjZQFxJRJ3fA3g2952G","56hQLt6ZFK0YE4jFeWlz80","0al1eFV/FF/pW+hSvqZAwU","712vbcbspI34nEBrk7bpsa","9dTCeIehVHEKXsuKe7PcvG","9fIWFNtw5C0Z3EH4oHXMz1","34bxWDwA9DnKyBa/Lom+c8","bc8giDpIxDcr0fODbh6kQ3","bffLI3bHJNtaaGw2m2A3NO","3a0ZdymcdGuZfQw/5SOXOT","5cyoLBbUNGspoKXM6FaIMd","f4Mp56WwBEp7X60AGvbtKz","56nFeN3GFPd569uu1DUoVH","a6p3U1ZAFGiphSE2yS5/ig","3eZjdolLZAvb0OHXmzqkwU","00Ys0PdqVMq52oZMVCf1/A","b7QFI3GE9HJJktVwjumQU3","3f3qdjUTdPyqHzKPpp1nXJ","47JpVwXkJKf5F9VDbZRTwV","dbHUx1ZHhPK7C6hB4/M85m","07SIKd2d9KgIvKMqSK3M8T","bfEDukfmhG84uWIGBgyHhy","10le3O5oJJZ4gZMB6k1GV2","a7lEKJRjJM/JIn/2or9iib","becnjvSNxKq5m3Ri6tAlki","7dnoEMdPFC0qwjr5DCdExo","078xohL7xGi5+1iVpgxF12","b6ErXZM6BGX504mf62eieB","9c/abuhMNNxq2rJ/oLZ2DK","8b431yWTRG171ntgdMU/vX","aeo4VPlX9I5q0PZSetoJRg","0ePc8RdydCxqrPGDMCIbdw","baKuKfV3NKoqVSbAattnt+","82dgMT7EFClbUfSUovpb00","9avSXYA69A/LkLHFe/qqEi","3eP5XCvwBOTIbRJFACq3zY","eesUm8FQ9Oco/brP6LOoJD","1b36c3b69","ecpdLyjvZBwrvm+cedCcQy","81IUWcisVCl5pQ0hqq8L81","7a/QZLET9IDreTiBfRn2PD","d5ul8M6vpKEpuc981aVRYt","47t8O2AQJMm5ti7zYMym9W","76OlHWMbZC75J0XVSi3dgZ","31dyOYhK5DH6xtK1ew1mdi","e97GVMl6JHh5Ml5qEDdSGa","f0BIwQ8D5Ml7nTNQbh1YlS","29FYIk+N1GYaeWH/q1NxQO","78/dcSo/JEdafSAhXCTM6e","1aMvx28L1PZpgPVpKcDKCz","e7q6FL+VZEgLJUjVeDLic/","ffDpHHVcZAhqOfy25Fe4w7","9bvaMerUlDyary99mJa6xp","a2MjXRFdtLlYQ5ouAFv/+R","93u2P5heJI+qXs6oddCrFt","8f8vX0l95K7oyvv2EETXcu","3d7mCgbJxHHZChL0LuM8Mf","05c+YLBltDYqvpNkKLidhK","71HMtPfyZFPZDzrKekHlW5","54oGEpFQ1Dj6E0Fcf0SVG3","fdcfTwR8JNqJV6MTzXEB1o","07Gq5QlnpCBJPrEbDLYdFW","f42NqaGIpGmLsgzxnJ12za","58KFEhP4JIIL4VGVit7pbA","d6IoCBTkJC6a++3TaEC29J","c5mgGQ/IpAyobJlCP32KWp","cbqTzUWSxKyKV3g20pml74","31tWO/hDdEkZhx7PaFhe7W","b1hCZNU/ZLm56C/YWdRA58","aamrLu9iNEGZiD9pntGZUP","73litmu2BLLIWaUqQtscMk","97SbzhzTdLkpGQT6A79JiA","671QLvYNxJbbfEZ91Xg45O","492nRlrZBEYqlKPFdfF5N5","50vAIzwQJHpY7UIjgbN4qC","96D/hNushHXYPwIYmPPSyG","8bS+Hq5ApF0qpKipAb0/vH","90XgGW7j1BP5VdXg0rlHym","07khgKtlVEVY5qtzp8sMzB","3eUs0h3hFPyoZZYBDLsUCC","22bOa0jFREP6Toub/CfTL5","8dZd9TbZ9GyY8CgSONwZQ2","b1H8NO0utMvY0qIsifbRjV","c6PoTZJIlDzLzlqZAvwtuk","1848nwEQRAmK0B5OEEazwA","66ExysxuZCtpMjpM1B5pjE","47ybhWdN9IjbVPWVUTmmew","1b9n3m0qFONpPe8fYT26Hk","c20Hyu5mpKbJzLa2MbQ4Y2","abPRjCsthAfbm3vxhAbtI+","9cL69PR/FJn7YwCyGCRL3d","c4ZAi1dHVPopfW1qNs+ei2","b9IuFn7PRBvY+2o7969DIS","20Vb+fgrJLa6G3ti2bmCkc","4aSP8j8alIsKxzwsNSUwa7","f6T1/kWlpFz7wafA4KomZA","77GaU6F0hPzL7vV9ObHHz8","f2474YgyFHT5iPzdJrl9YQ","3dxWMkgXFGv6hdydm2SSxh","02delMVqdBD70a/HSD99FK"],"scenes":{},"redirect":[80,0,82,0,141,0],"deps":["internal"],"packs":{"075345333":[20,24,81],"01a7ee8d0":[91,89,86,23,85,90,96,94,92,87,88,93],"0ead8e951":[21,84,83],"0ef57fba7":[99,103,120,126,129,135,122,109,22,140,98,121,128,115,136,116,101,105,127,114,25,100,112,138,118,123,97,119,117,113,132,111,131,124,110,134,130,133,107,125,108,106,139,104,137,102],"0fadbfcf6":[57,62,68,44,73,42,64,79,26,48,51,77,56,59,60,31,43,54,34,52,36,29,45,67,75,41,71,76,39,70,46,30,40,47,55,65,72,27,69,58,74,49,66,63,50,35,32,38,61,28,33,78,37,53]},"name":"resources","importBase":"import","nativeBase":"native","debug":false,"isZip":false,"encrypted":false,"versions":{"import":["01a7ee8d0","06543","075345333","ee34e",7,"5891c","0ead8e951","e5357","0ef57fba7","1213d","0fadbfcf6","f1f11",13,"213e3",12,"3441d",2,"ccd5f",0,"2fde4",10,"75110",19,"5bb7a",17,"ac5d3",4,"04bfa",9,"7b55b",15,"9662c",3,"2b827",95,"43d76",11,"ac564",8,"b7302",6,"0932b",16,"ec767",18,"1c68f",1,"3a9cc",5,"ba5fd",14,"282f4"],"native":[57,"c97ce",62,"9f353",68,"73731",44,"79841",73,"49ab3",7,"32c63",42,"73cf8",64,"74d42",79,"e1166",13,"7c11b",12,"ee8f0",26,"1de51",24,"8a0b6",2,"aad24",48,"71017",0,"99347",51,"2d02f",77,"af942",56,"a7aa1",59,"039fd",60,"772de",31,"5f1d9",43,"b62f9",54,"2f18a",34,"17dd6",10,"7a898",19,"efc42",52,"f6163",17,"a2fb0",36,"f2166",25,"6af9d",29,"c06a9",45,"ee4e9",4,"56f6c",67,"aec45",75,"70264",9,"847c6",41,"5d20f",71,"e5c55",15,"4b69d",3,"a6988",76,"ab268",39,"da5f4",70,"c22aa",46,"f219d",30,"e0234",40,"87c0d",47,"87f81",55,"5d1bc",65,"78c22",72,"bae1d",27,"83fcc",69,"b2080",58,"31fae",74,"ea551",11,"6070d",49,"acb2e",66,"8f3fc",63,"9e4d0",50,"ccd80",8,"d1c59",6,"731bb",16,"8badc",35,"76a0e",18,"eb42e",32,"cdbc9",38,"c33d9",1,"adca4",61,"fb384",5,"cd17a",14,"049af",28,"90cf4",33,"17df6",78,"5d321",37,"979fa",53,"cee4b"]}}