{"paths":{"0":["audios/吹哨",0],"1":["audios/错误点击",0],"2":["audios/错误音效",0],"3":["audios/倒计时",0],"4":["audios/点击音效",0],"5":["audios/多人欢呼",0],"6":["audios/放置音效",0],"7":["audios/鼓掌声-强",0],"8":["audios/鼓掌声-弱",0],"9":["audios/鼓掌声-中",0],"10":["audios/欢呼音效",0],"11":["audios/理想",0],"12":["audios/碰撞音效",0],"13":["audios/拖动音效",0],"14":["audios/消瘦肥胖",0],"15":["audios/星星音效",0],"16":["audios/正确点击",0],"17":["audios/正确音效",0],"18":["audios/bgm",0],"19":["audios/click_bubble",0],"20":["prefab/ui/Item/levelProgress",1],"21":["prefab/ui/Item/titleBoard",1],"22":["prefab/ui/panel/GamePanel",1]},"types":["cc.AudioClip","cc.Prefab"],"uuids":["35bAz/d0FEO5hNKzi8WA4D","d9QpFrOxtFq7nOOl2G4wSl","2e+LA4kLdAGq7XXwy5rA/C","9aEfSkfSVNGY7v5il8Vcj+","792e5aiHNFfIHs73OuqTj9","e8CxASyZtJtrlAK3RvHDio","d1T5mp371PFKR0dUARZK8P","0eS6rTWfJNa71GvmSsYIHv","c9Q8TlT0pIoogQDUucsUUd","88cm8RFK5Mm4umZhFwjR/o","59CoNg9LNEmrqKBnITzXaQ","bcpq/j0NpCY4ZWTBNystYH","1fV6oYLRtO+o8aIp+lXbhJ","1d92jROi5FoYc/L0GTH11g","e8DKr0thRF57nEyYT9xXxk","8eocCeiT1CkK8Bm+O4SNGv","d3pdFpdHFPlLGfzCkEvQLX","5dEXFEigJCBbk4mOJoSbH2","d6+PthB+9KP5qMGV2fODqe","59U3kmNrhE/biUT40mkZYG","07P9T3TBFNdbKyrQ+qqpoR","0fXsoQE5xNN49CN5F+6BzR","32+FX7rEVKcJkkZSzITPiN","705SAQGTxCA6ISi5D1n9aw","2auoJYJ4pJ2I0/n84Jc4xZ","2aN1fdLhBG8r9XFUq/ZcP2","6fHgk/ZMJNn7cCOfNkJ1xy","f14KdVzGhL/ItWzntv5ijT","d64QFT3UdLIKHqPCy5Fx8l","89pxJlCktJUJsAPi8Rb1H1","9bRVjHugBI25kvhV7m14YQ","d8zMh14xNB8aWuVCKX7TpV","9dYje1mgpH+rQTfiHOnltp","56hQLt6ZFK0YE4jFeWlz80","0al1eFV/FF/pW+hSvqZAwU","0fOBjZQFxJRJ3fA3g2952G","9fIWFNtw5C0Z3EH4oHXMz1","712vbcbspI34nEBrk7bpsa","34bxWDwA9DnKyBa/Lom+c8","bc8giDpIxDcr0fODbh6kQ3","bffLI3bHJNtaaGw2m2A3NO","9dTCeIehVHEKXsuKe7PcvG","3a0ZdymcdGuZfQw/5SOXOT","5cyoLBbUNGspoKXM6FaIMd","56nFeN3GFPd569uu1DUoVH","f4Mp56WwBEp7X60AGvbtKz","00Ys0PdqVMq52oZMVCf1/A","a6p3U1ZAFGiphSE2yS5/ig","3eZjdolLZAvb0OHXmzqkwU","b7QFI3GE9HJJktVwjumQU3","dbHUx1ZHhPK7C6hB4/M85m","47JpVwXkJKf5F9VDbZRTwV","07SIKd2d9KgIvKMqSK3M8T","3f3qdjUTdPyqHzKPpp1nXJ","10le3O5oJJZ4gZMB6k1GV2","a7lEKJRjJM/JIn/2or9iib","becnjvSNxKq5m3Ri6tAlki","bfEDukfmhG84uWIGBgyHhy","b6ErXZM6BGX504mf62eieB","7dnoEMdPFC0qwjr5DCdExo","078xohL7xGi5+1iVpgxF12","8b431yWTRG171ntgdMU/vX","9c/abuhMNNxq2rJ/oLZ2DK","0ePc8RdydCxqrPGDMCIbdw","aeo4VPlX9I5q0PZSetoJRg","baKuKfV3NKoqVSbAattnt+","9avSXYA69A/LkLHFe/qqEi","eesUm8FQ9Oco/brP6LOoJD","3eP5XCvwBOTIbRJFACq3zY","82dgMT7EFClbUfSUovpb00","155d012e1","7a/QZLET9IDreTiBfRn2PD","d5ul8M6vpKEpuc981aVRYt","ecpdLyjvZBwrvm+cedCcQy","47t8O2AQJMm5ti7zYMym9W","8f8vX0l95K7oyvv2EETXcu","3d7mCgbJxHHZChL0LuM8Mf","05c+YLBltDYqvpNkKLidhK","71HMtPfyZFPZDzrKekHlW5","54oGEpFQ1Dj6E0Fcf0SVG3","fdcfTwR8JNqJV6MTzXEB1o","07Gq5QlnpCBJPrEbDLYdFW","f42NqaGIpGmLsgzxnJ12za","58KFEhP4JIIL4VGVit7pbA","d6IoCBTkJC6a++3TaEC29J","c5mgGQ/IpAyobJlCP32KWp","cbqTzUWSxKyKV3g20pml74","31tWO/hDdEkZhx7PaFhe7W","b1hCZNU/ZLm56C/YWdRA58","aamrLu9iNEGZiD9pntGZUP","73litmu2BLLIWaUqQtscMk","97SbzhzTdLkpGQT6A79JiA","671QLvYNxJbbfEZ91Xg45O","492nRlrZBEYqlKPFdfF5N5","50vAIzwQJHpY7UIjgbN4qC","96D/hNushHXYPwIYmPPSyG","8bS+Hq5ApF0qpKipAb0/vH","90XgGW7j1BP5VdXg0rlHym","07khgKtlVEVY5qtzp8sMzB","3eUs0h3hFPyoZZYBDLsUCC","22bOa0jFREP6Toub/CfTL5","8dZd9TbZ9GyY8CgSONwZQ2","a2MjXRFdtLlYQ5ouAFv/+R","b1H8NO0utMvY0qIsifbRjV","c6PoTZJIlDzLzlqZAvwtuk","1848nwEQRAmK0B5OEEazwA","66ExysxuZCtpMjpM1B5pjE","47ybhWdN9IjbVPWVUTmmew","1b9n3m0qFONpPe8fYT26Hk","c20Hyu5mpKbJzLa2MbQ4Y2","abPRjCsthAfbm3vxhAbtI+","9cL69PR/FJn7YwCyGCRL3d","c4ZAi1dHVPopfW1qNs+ei2","b9IuFn7PRBvY+2o7969DIS","20Vb+fgrJLa6G3ti2bmCkc","4aSP8j8alIsKxzwsNSUwa7","f6T1/kWlpFz7wafA4KomZA","77GaU6F0hPzL7vV9ObHHz8","f2474YgyFHT5iPzdJrl9YQ","3dxWMkgXFGv6hdydm2SSxh","81IUWcisVCl5pQ0hqq8L81","02delMVqdBD70a/HSD99FK"],"scenes":{},"redirect":[71,0,73,0,121,0],"deps":["internal"],"packs":{"075345333":[20,24,120],"036897e75":[77,81,98,105,108,114,100,87,22,119,76,99,107,93,115,94,79,83,106,92,23,78,90,117,96,101,75,97,95,91,111,102,89,110,103,88,113,109,112,85,104,86,84,118,82,116,80],"0ead8e951":[21,74,72],"0e6a70740":[46,52,60,34,63,35,54,70,25,38,42,68,48,53,51,33,44,43,26,37,59,69,29,61,66,30,62,41,32,36,47,55,64,58,49,65,39,56,57,40,28,31,50,67,27,45]},"name":"resources","importBase":"import","nativeBase":"native","debug":false,"isZip":false,"encrypted":false,"versions":{"import":["036897e75","5cf16","075345333","3e7cc",7,"5891c","0e6a70740","6ba97","0ead8e951","1ec9e",13,"213e3",12,"3441d",2,"ccd5f",0,"2fde4",10,"75110",19,"5bb7a",17,"ac5d3",4,"04bfa",9,"7b55b",15,"9662c",3,"2b827",11,"ac564",8,"b7302",6,"0932b",16,"ec767",18,"1c68f",1,"3a9cc",5,"ba5fd",14,"282f4"],"native":[46,"c97ce",52,"9f353",60,"73731",34,"79841",63,"49ab3",7,"32c63",35,"73cf8",54,"74d42",70,"5342e",13,"7c11b",12,"ee8f0",25,"1de51",24,"8a0b6",2,"aad24",38,"71017",0,"99347",42,"2d02f",68,"af942",48,"a7aa1",53,"039fd",51,"772de",33,"b62f9",44,"2f18a",10,"7a898",19,"efc42",43,"f6163",17,"a2fb0",26,"f2166",23,"6af9d",37,"ee4e9",4,"56f6c",59,"aec45",69,"70264",9,"847c6",29,"5d20f",61,"e5c55",15,"4b69d",3,"a6988",66,"ab268",30,"da5f4",62,"c22aa",41,"f219d",32,"87c0d",36,"87f81",47,"5d1bc",55,"78c22",64,"bae1d",58,"b2080",49,"31fae",65,"ea551",11,"6070d",39,"acb2e",56,"8f3fc",57,"9e4d0",40,"ccd80",8,"d1c59",6,"731bb",16,"8badc",28,"76a0e",18,"eb42e",31,"c33d9",1,"adca4",50,"fb384",5,"cd17a",14,"049af",67,"5d321",27,"979fa",45,"cee4b"]}}