[1,["ecpdLyjvZBwrvm+cedCcQy","19ea2f013","66IE5zJJpOmJ5iwHe2imNf"],["node","_textureSetter","root","tipLabel","neiRongNode","data","_spriteFrame"],[["cc.Node",["_name","_components","_prefab","_children","_parent","_contentSize"],2,9,4,2,1,5],"cc.SpriteFrame",["cc.Prefab",["_name"],2],["cc.Node",["_name","_parent","_components","_prefab","_contentSize"],2,1,2,4,5],["c7373SoEY5LDIC2BLTSmOq3",["node","neiRongNode","tipLabel"],3,1,1,1],["cc.PrefabInfo",["fileId","root"],2,1],["cc.Sprite",["_type","_sizeMode","node","_materials","_spriteFrame"],1,1,3,6],["cc.Label",["_string","_lineHeight","_N$horizontalAlign","_N$verticalAlign","_N$overflow","node","_materials"],-2,1,3]],[[5,0,1,2],[2,0,2],[0,0,3,1,2,2],[0,0,4,1,2,5,2],[3,0,1,2,3,4,2],[4,0,1,2,1],[6,0,1,2,3,4,3],[7,0,1,2,3,4,5,6,6]],[[[{"name":"toast","rect":[1940,1986,50,50],"offset":[0,0],"originalSize":[50,50],"capInsets":[23,23,23,23]}],[1],0,[0],[1],[1]],[[[1,"Tip"],[2,"Tip",[-5,-6],[[5,-4,-3,-2]],[0,"39XopAg49HiLgghsRRxVb6",-1]],[3,"TipBg",1,[[6,1,0,-7,[0],1]],[0,"6b3ghiE7dOAaKuG2l8W15r",1],[5,943,133]],[4,"Label",1,[-8],[0,"29kuPEfwNH85znHs7ocXS4",1],[5,919,120]],[7,"tips20个字",50,1,1,2,3,[2]]],0,[0,2,1,0,3,4,0,4,2,0,0,1,0,-1,2,0,-2,3,0,0,2,0,-1,4,0,5,1,8],[0,0,0],[-1,6,-1],[0,2,0]]]]