[1,["19ea2f013","94F87cYOVO877kCq3XbJpu","89e//VbpdGS6dqDaRFLeCR","8fF5VfAapEwqMeUSGV9ij/","4aa1qXX79K7pEOS+fLjhU3","5ehMh95LNFdbvgB+q34kyu","6agUCm059NM6Jx4vUH4fLS","b9nj2KII9G54JBmukQ7Qy5","ebOD88xbhLspYnKueMlcYT","34uTvhTkpKX5QImjV+9PHh","a2BOWRyEVFhYwh2QS25ws5","d8964cpqBIo4L3eFNcBm6P","6abpXAcTNDgKA+YWYhLFnd"],["_textureSetter","img_bi","img_cheng","img_chuang","img_da","img_gong","img_guan","img_jie","img_sai","img_shu","img_tiao","img_zhan","img_zuo"],["cc.SpriteFrame",["cc.SpriteAtlas",["_name","_spriteFrames"],2,11]],[[1,0,1,2]],[[[[0,"word.plist",[{},"img_bi",6,0,"img_cheng",6,1,"img_chuang",6,2,"img_da",6,3,"img_gong",6,4,"img_guan",6,5,"img_jie",6,6,"img_sai",6,7,"img_shu",6,8,"img_tiao",6,9,"img_zhan",6,10,"img_zuo",6,11]]],0,0,[0,0,0,0,0,0,0,0,0,0,0,0],[1,2,3,4,5,6,7,8,9,10,11,12],[1,2,3,4,5,6,7,8,9,10,11,12]],[[{"name":"img_shu","rect":[1077,1286,64,78],"offset":[0,0],"originalSize":[64,78],"capInsets":[0,0,0,0]}],[0],0,[0],[0],[0]],[[{"name":"img_da","rect":[1640,1878,67,78],"offset":[0,0],"originalSize":[67,78],"capInsets":[0,0,0,0]}],[0],0,[0],[0],[0]],[[{"name":"img_gong","rect":[1416,1743,64,79],"offset":[0,0],"originalSize":[64,79],"rotated":1,"capInsets":[0,0,0,0]}],[0],0,[0],[0],[0]],[[{"name":"img_zuo","rect":[1640,1710,67,79],"offset":[0,0],"originalSize":[67,79],"capInsets":[0,0,0,0]}],[0],0,[0],[0],[0]],[[{"name":"img_guan","rect":[1329,1743,65,81],"offset":[0,0],"originalSize":[65,81],"rotated":1,"capInsets":[0,0,0,0]}],[0],0,[0],[0],[0]],[[{"name":"img_cheng","rect":[1146,1370,61,80],"offset":[0,0],"originalSize":[61,80],"capInsets":[0,0,0,0]}],[0],0,[0],[0],[0]],[[{"name":"img_chuang","rect":[1077,1370,63,78],"offset":[0,0],"originalSize":[63,78],"capInsets":[0,0,0,0]}],[0],0,[0],[0],[0]],[[{"name":"img_bi","rect":[1077,1454,63,78],"offset":[0,0],"originalSize":[63,78],"capInsets":[0,0,0,0]}],[0],0,[0],[0],[0]],[[{"name":"img_tiao","rect":[1640,1795,68,77],"offset":[0,0],"originalSize":[68,77],"capInsets":[0,0,0,0]}],[0],0,[0],[0],[0]],[[{"name":"img_jie","rect":[1640,1626,68,78],"offset":[0,0],"originalSize":[68,78],"capInsets":[0,0,0,0]}],[0],0,[0],[0],[0]],[[{"name":"img_zhan","rect":[1567,1873,67,80],"offset":[0,0],"originalSize":[67,80],"capInsets":[0,0,0,0]}],[0],0,[0],[0],[0]],[[{"name":"img_sai","rect":[1640,1539,66,81],"offset":[0,0],"originalSize":[66,81],"capInsets":[0,0,0,0]}],[0],0,[0],[0],[0]]]]