[1,["ecpdLyjvZBwrvm+cedCcQy","31dyOYhK5DH6xtK1ew1mdi","78/dcSo/JEdafSAhXCTM6e","76OlHWMbZC75J0XVSi3dgZ","9b4np7sSJMHLOBZs4Yo7cD","a5p08S5rVGGrHgprq1wtnS","71lEdSTSBOK7cdRfh05sbX","19ea2f013"],["node","_spriteFrame","_parent","_N$normalSprite","_N$pressedSprite","root","fail","win","btnOkLabel","btnCloseLabel","ok","close","des","title","NodeDes","_N$target","data","_N$disabledSprite","_textureSetter"],[["cc.Node",["_name","_opacity","_active","_components","_prefab","_contentSize","_parent","_trs","_children","_color"],0,9,4,5,1,7,2,5],["cc.Sprite",["_sizeMode","_type","node","_spriteFrame","_materials"],1,1,6,3],["cc.Node",["_name","_parent","_components","_prefab","_contentSize","_trs","_children","_color"],2,1,2,4,5,7,2,5],["cc.PrefabInfo",["fileId","root"],2,1],["cc.Button",["_N$transition","node","clickEvents","_N$normalColor","_N$target","_N$pressedColor","_N$disabledColor"],2,1,9,5,1,5,5],["cc.Widget",["alignMode","_alignFlags","_originalWidth","_originalHeight","_left","_right","_top","_bottom","node"],-5,1],["cc.Label",["_string","_lineHeight","_N$horizontalAlign","_N$verticalAlign","_styleFlags","_fontSize","_enableWrapText","_N$overflow","node","_materials"],-5,1,3],"cc.SpriteFrame",["cc.Prefab",["_name"],2],["67e25WAGoRADq1zkpxqqwdF",["node","NodeDes","title","des","close","ok","btnCloseLabel","btnOkLabel","win","fail"],3,1,1,1,1,1,1,1,1,1,1],["cc.BlockInputEvents",["node"],3,1],["cc.ClickEvent",["_componentId","handler","target"],1,1],["cc.Layout",["_resize","_N$layoutType","node","_layoutSize"],1,1,5]],[[3,0,1,2],[1,1,0,2,4,3,3],[11,0,1,2,3],[0,0,8,3,4,9,5,7,2],[2,0,1,6,2,3,4,5,2],[2,0,1,2,3,7,4,5,2],[2,0,1,2,3,4,2],[4,0,1,2,3,5,6,4,2],[6,0,1,4,2,3,8,9,6],[6,0,5,1,6,2,3,7,8,9,8],[8,0,2],[0,0,8,3,4,5,2],[0,0,1,6,3,4,9,5,3],[0,0,6,8,3,4,5,7,2],[0,0,6,3,4,5,7,2],[0,0,2,6,3,4,5,7,3],[0,0,6,3,4,5,2],[9,0,1,2,3,4,5,6,7,8,9,1],[3,1,1],[10,0,1],[1,0,2,4,3,2],[1,2,4,3,1],[1,2,3,1],[4,1,2,3,4,1],[12,0,1,2,3,3],[5,0,1,4,5,6,7,2,3,8,9],[5,0,1,2,3,8,5]],[[[[10,"AffirmTips"],[11,"AffirmTips",[-12,-13,-14,-15,-16,-17,-18],[[17,-11,-10,-9,-8,-7,-6,-5,-4,-3,-2]],[18,-1],[5,2048,1152]],[12,"New Node",82,1,[[19,-19],[20,0,-20,[0],1],[23,-22,[[2,"67e25WAGoRADq1zkpxqqwdF","OnClickClose",1]],[4,4292269782],-21]],[0,"52AC4PwPlNP5v/TSnK5DY7",1],[4,4278190080],[5,2048,1152]],[13,"des",1,[-24,-25],[[24,1,2,-23,[5,300,126]]],[0,"c88+w3/HBEsqAEM+J9hTGZ",1],[5,300,126],[0,59,0,0,0,0,1,1,1,1]],[3,"Background",[-28],[[1,1,0,-26,[10],11],[25,0,45,-1,1,4,-4,100,40,-27]],[0,"c3TFhfOLJBv4gUlE/8KTZB",1],[4,4293322470],[5,300,100],[-1,-4,0,0,0,0,1,1,1,0]],[3,"Background",[-31],[[1,1,0,-29,[13],14],[26,0,45,100,40,-30]],[0,"9fa4mRq8FK7JiMzOyM2zGN",1],[4,4293322470],[5,300,100],[0,0,0,0,0,0,1,1,1,0]],[14,"win",1,[[21,-32,[4],5]],[0,"a5j/6VgflMU6sZvTV91e2M",1],[5,458,203],[0,243,0,0,0,0,1,1,1,1]],[15,"fail",false,1,[[22,-33,6]],[0,"e1rXHRE3BPBqfU2Q7nP/7w",1],[5,220,198],[37,247,0,0,0,0,1,1,1,1]],[4,"cancel",1,[4],[-34],[0,"9cglGEPVJEMrkOsa2fqC3w",1],[5,300,100],[-162,-125,0,0,0,0,1,1,1,1]],[4,"ok",1,[5],[-35],[0,"41Qou/J5ZI4LW/mwe3TkNN",1],[5,300,100],[183,-125,0,0,0,0,1,1,1,1]],[16,"bg",1,[[1,1,0,-36,[2],3]],[0,"f9ilD7cvNC0prcCA/GCtYG",1],[5,760,430]],[5,"title",3,[-37],[0,"01n9HznTlKnanKTfQEiJxm",1],[4,4278190080],[5,440,63],[0,31.5,0,0,0,0,1,1,1,1]],[8,"弹窗内需二次确认方案，",50,1,1,1,11,[7]],[5,"des",3,[-38],[0,"f1zRy2kpFMW4J0nhQcXJpq",1],[4,4278190080],[5,204.49,63],[0,-31.5,0,0,0,0,1,1,1,1]],[8,"不超过20字",50,1,1,1,13,[8]],[6,"Label",4,[-39],[0,"e3u0XsY9BPJ4t/KmlKgVNB",1],[5,300,60]],[9,"取消",48,58,false,1,1,1,15,[9]],[7,3,8,[[2,"67e25WAGoRADq1zkpxqqwdF","OnClickCancel",1]],[4,4293322470],[4,4291348680],[4,3363338360],4],[6,"Label",5,[-40],[0,"dbH3BdHcVHY5OSDIv8Gp3Q",1],[5,300,60]],[9,"确定",48,58,false,1,1,1,18,[12]],[7,3,9,[[2,"67e25WAGoRADq1zkpxqqwdF","OnClickOk",1]],[4,4293322470],[4,4291348680],[4,3363338360],5]],0,[0,5,1,0,6,7,0,7,6,0,8,19,0,9,16,0,10,20,0,11,17,0,12,14,0,13,12,0,14,3,0,0,1,0,-1,2,0,-2,10,0,-3,6,0,-4,7,0,-5,3,0,-6,8,0,-7,9,0,0,2,0,0,2,0,15,2,0,0,2,0,0,3,0,-1,11,0,-2,13,0,0,4,0,0,4,0,-1,15,0,0,5,0,0,5,0,-1,18,0,0,6,0,0,7,0,-1,17,0,-1,20,0,0,10,0,-1,12,0,-1,14,0,-1,16,0,-1,19,0,16,1,4,2,8,5,2,9,40],[0,0,0,0,0,0,0,0,0,0,0,0,0,0,0,17,17,20,20,20],[-1,1,-1,1,-1,1,1,-1,-1,-1,-1,1,-1,-1,1,3,4,3,4,17],[0,3,0,4,0,5,6,0,0,0,0,2,0,0,1,2,2,1,1,1]],[[{"name":"u2","rect":[1077,1077,458,203],"offset":[0,0],"originalSize":[458,203],"capInsets":[0,0,0,0]}],[7],0,[0],[18],[7]]]]