[1,["ecpdLyjvZBwrvm+cedCcQy","f0BIwQ8D5Ml7nTNQbh1YlS","e97GVMl6JHh5Ml5qEDdSGa","29FYIk+N1GYaeWH/q1NxQO","e7q6FL+VZEgLJUjVeDLic/","1aMvx28L1PZpgPVpKcDKCz","31dyOYhK5DH6xtK1ew1mdi","1b36c3b69","76OlHWMbZC75J0XVSi3dgZ","ffDpHHVcZAhqOfy25Fe4w7","9bvaMerUlDyary99mJa6xp","a2MjXRFdtLlYQ5ouAFv/+R","9dYAAftfRHJqYpJlnj3tC4","71VhFCTINJM6/Ky3oX9nBT","78/dcSo/JEdafSAhXCTM6e","7a/QZLET9IDreTiBfRn2PD","93u2P5heJI+qXs6oddCrFt","58MfI42OJASKcPaEj0RgZp","d8HsitJHxOYqo801xBk8ev","56fc2Ai/RFNYpaMT8crweK","b4P/PCArtIdIH38t6mlw8Y","e8Ueib+qJEhL6mXAHdnwbi","ed0hW5J5ZKBar1gflskoHO"],["node","_spriteFrame","_parent","_N$normalSprite","_N$pressedSprite","_N$hoverSprite","_N$disabledSprite","_textureSetter","checkMark","_N$target","root","configPanel","configItem","wrongTime","countdown","toggle_titleAudio","toggle_replay","toggle_stars","data","_N$skeletonData"],[["cc.Node",["_name","_active","_objFlags","_opacity","_prefab","_components","_contentSize","_parent","_children","_trs","_color","_anchorPoint"],-1,4,9,5,1,2,7,5,5],"cc.SpriteFrame",["cc.Label",["_N$verticalAlign","_N$horizontalAlign","_string","_fontSize","_lineHeight","_enableWrapText","_N$overflow","_N$cacheMode","node","_materials"],-5,1,3],["cc.Widget",["_alignFlags","_originalWidth","_originalHeight","alignMode","_left","_top","_bottom","_right","node"],-5,1],["cc.Node",["_name","_objFlags","_active","_components","_prefab","_contentSize","_parent","_trs","_children","_color"],0,2,4,5,1,7,2,5],["cc.Sprite",["_sizeMode","_type","_isTrimmedMode","node","_materials","_spriteFrame"],0,1,3,6],["cc.Node",["_name","_objFlags","_active","_parent","_components","_prefab","_contentSize","_anchorPoint","_trs","_children","_color"],0,1,12,4,5,5,7,2,5],["cc.Layout",["_resize","_N$layoutType","_N$spacingX","_N$spacingY","_N$paddingLeft","_N$paddingRight","_N$paddingTop","_N$paddingBottom","node","_layoutSize"],-5,1,5],["cc.PrefabInfo",["fileId","root"],2,1],["cc.Toggle",["_N$transition","_N$isChecked","node","_N$normalColor","_N$target","checkMark"],1,1,5,1,1],["cc.ClickEvent",["_componentId","handler","customEventData","target"],0,1],["cc.Prefab",["_name"],2],["70c27EBmWdPJYtgMQ9dyPZS",["node","toggle_stars","toggle_replay","toggle_titleAudio","countdown","wrongTime","configItem","configPanel"],3,1,1,1,1,1,1,1,1],["cc.BlockInputEvents",["node"],3,1],["cc.Button",["_N$transition","node","clickEvents","_N$normalColor","_N$pressedColor","_N$disabledColor","_N$target","_N$normalSprite","_N$pressedSprite","_N$hoverSprite","_N$disabledSprite"],2,1,9,5,5,5,1,6,6,6,6],["75b2dk5WVVO7LtxMPb6Uw7K",["node"],3,1],["cc.ToggleContainer",["node","checkEvents"],3,1,9],["cc.EditBox",["maxLength","_N$inputMode","node","textChanged","editingDidEnded","_N$textLabel","_N$placeholderLabel","_N$background"],1,1,9,9,1,1,1],["1ef24i84udIaKa/D6/G9dTr",["node","lbl_index","lbl_type","editCount","typePanel","teacherPanel"],3,1,1,1,1,1,1],["sp.Skeleton",["defaultSkin","defaultAnimation","_preCacheMode","_animationName","node","_materials","_N$skeletonData"],-1,1,3,6],["sp.SkeletonData",["_name","_atlasText","textureNames","_skeletonJson","textures"],-1,3]],[[8,0,1,2],[10,0,1,3,3],[5,1,0,3,4,5,3],[3,3,0,1,2,8,5],[0,0,7,5,4,10,6,9,2],[14,0,1,2,3,4,5,6,7,8,9,10,2],[0,0,7,8,5,4,6,9,2],[0,0,8,5,4,6,9,2],[0,0,2,8,5,4,6,3],[0,0,2,7,8,5,4,6,9,3],[7,0,1,2,8,9,4],[0,0,2,7,5,4,10,6,3],[5,0,2,3,4,5,3],[5,0,2,3,4,3],[7,0,1,8,9,3],[3,3,0,4,1,2,8,6],[2,2,1,0,8,9,4],[2,2,4,1,0,8,9,5],[2,2,3,5,1,0,6,7,8,9,8],[5,0,3,4,5,2],[10,0,1,2,3,4],[0,0,7,8,5,4,6,11,9,2],[0,0,7,5,4,6,2],[3,0,4,8,3],[2,2,3,4,1,0,8,9,6],[0,0,7,5,4,10,6,2],[4,0,8,3,4,5,7,2],[4,0,1,6,3,4,5,3],[4,0,1,2,6,3,4,5,4],[6,0,3,9,4,5,6,7,8,2],[6,0,1,3,4,5,6,3],[6,0,1,2,3,4,5,6,7,8,4],[6,0,1,3,4,5,10,6,7,8,3],[13,0,1],[5,1,0,3,4,3],[9,0,2,3,4,5,2],[9,0,1,2,3,4,5,3],[2,2,3,4,5,1,0,6,8,9,8],[2,3,4,5,0,6,8,9,6],[16,0,1,1],[17,0,1,2,3,4,5,6,7,3],[0,0,8,5,4,6,2],[0,0,7,8,5,4,10,6,9,2],[7,0,1,3,8,9,4],[3,3,0,4,7,1,2,8,7],[3,0,8,2],[3,0,1,2,8,4],[2,3,4,5,1,0,6,8,7],[2,2,3,4,5,1,0,6,7,8,9,9],[11,0,2],[0,0,1,7,8,5,4,6,9,3],[0,0,7,8,5,4,10,6,2],[0,0,8,5,4,10,6,9,2],[0,0,7,8,4,2],[0,0,7,5,4,6,11,2],[0,0,1,8,5,4,6,3],[0,0,7,5,4,10,6,11,9,2],[0,0,7,8,5,4,6,2],[0,0,1,7,8,5,4,6,3],[0,0,3,7,8,5,4,10,3],[0,0,1,7,5,4,10,6,9,3],[0,0,2,7,5,4,10,6,9,3],[0,0,3,7,5,4,10,6,3],[4,0,6,8,3,4,5,7,2],[4,0,6,3,4,9,5,7,2],[4,0,1,6,3,4,9,5,3],[12,0,1,2,3,4,5,6,7,1],[8,1,1],[7,0,1,4,5,6,7,2,3,8,9,9],[3,0,5,6,1,2,8,6],[2,2,0,8,9,3],[2,3,4,5,1,0,6,8,9,7],[15,0,1],[18,0,1,2,3,4,5,1],[19,0,1,2,3,4,5,6,5],[20,0,1,2,3,4,5]],[[[{"name":"default_radio_button_on","rect":[1,1,30,30],"offset":[0,0],"originalSize":[32,32],"capInsets":[0,0,0,0]}],[1],0,[0],[7],[12]],[[{"name":"default_btn_disabled","rect":[0,0,40,40],"offset":[0,0],"originalSize":[40,40],"capInsets":[12,12,12,12]}],[1],0,[0],[7],[13]],[[{"name":"btn01","rect":[3,477,50,50],"offset":[0,0],"originalSize":[50,50],"capInsets":[24,23,24,23]}],[1],0,[0],[7],[7]],[[[49,"TeacherPanel"],[41,"TeacherPanel",[-11,-12],[[66,-9,-8,-7,-6,-5,-4,-3,-2],[33,-10]],[67,-1],[5,2048,1152]],[26,"item",[-14,-15,-16,-17,-18,-19],[-13],[0,"731fN+dYlC95DU58l8Iju8",1],[5,0,50],[0,700.257,0,0,0,0,1,1,1,1]],[50,"New Sprite(Splash)",false,2,[-23,-24,-25,-26,-27],[[19,0,-20,[118],119],[68,1,1,10,10,10,10,10,5,-21,[5,360,60]],[33,-22]],[0,"baAwmEjv5Hgp65/iRnj71w",1],[5,360,60],[198.248,1.187,0,0,0,0,1,1,1,1]],[41,"node_center",[-29,-30,-31,-32,-33,-34],[[69,45,80,80,2048,800,-28]],[0,"59b6RM2MRJkYKI7yNbwW9P",1],[5,2048,992]],[7,"toggle1",[-39,-40],[[35,3,-37,[4,4292269782],-36,-35],[14,1,1,-38,[5,72,63]]],[0,"3b/yadFA1Lt4x3fIKMOKHD",1],[5,72,63],[36,3,0,0,0,0,1,1,1,0]],[7,"toggle1",[-45,-46],[[36,3,false,-43,[4,4292269782],-42,-41],[14,1,1,-44,[5,72,63]]],[0,"05947k6TlGx7eYE2f33suh",1],[5,72,63],[138,3,0,0,0,0,1,1,1,0]],[7,"toggle1",[-51,-52],[[35,3,-49,[4,4292269782],-48,-47],[14,1,1,-50,[5,72,63]]],[0,"73nrFqsppKY4ytOIb8/FAa",1],[5,72,63],[36,3,0,0,0,0,1,1,1,0]],[7,"toggle1",[-57,-58],[[36,3,false,-55,[4,4292269782],-54,-53],[14,1,1,-56,[5,72,63]]],[0,"b2xRqiRYVCqYL9guZ8GjUa",1],[5,72,63],[138,3,0,0,0,0,1,1,1,0]],[7,"toggle1",[-63,-64],[[35,3,-61,[4,4292269782],-60,-59],[14,1,1,-62,[5,72,63]]],[0,"e5AuXNFzxHI4Ilot/ajsLs",1],[5,72,63],[36,3,0,0,0,0,1,1,1,0]],[7,"toggle1",[-69,-70],[[36,3,false,-67,[4,4292269782],-66,-65],[14,1,1,-68,[5,72,63]]],[0,"cafzn7oG1G2JwKl25/MqEG",1],[5,72,63],[138,3,0,0,0,0,1,1,1,0]],[51,"bg",1,[-72,4,-73],[[19,0,-71,[129],130]],[0,"3cXgzTM4dJeZv4LsxNnbZA",1],[4,4293914607],[5,2048,1152]],[52,"Background",[-76],[[2,1,0,-74,[5],6],[3,0,45,100,40,-75]],[0,"a5/Hi5mCNLWpRrp9pJAzzg",1],[4,4292407642],[5,160,80],[0,0,0,0,0,0,1,1,1,0]],[7,"Background",[-79],[[2,1,0,-77,[12],13],[44,0,45,-0.5,-0.5,100,40,-78]],[0,"edO36nhI9JLrsP9kJ3mOU4",1],[5,161,80],[0,0,0,0,0,0,1,1,1,0]],[21,"node_star",4,[-82,-83],[[10,1,1,20,-80,[5,509.67,60]],[23,9,20,-81]],[0,"3aafHjbLNCMpxWzebkwD1S",1],[5,509.67,60],[0,0,0.5],[-1004,466,0,0,0,0,1,1,1,1]],[29,"toggleContainer_star",14,[5,6],[[-84,[10,1,1,30,-85,[5,174,63]]],1,4],[0,"0ds0pjjqtKL7sVkdSTtC+K",1],[5,174,63],[0,0,0.5],[335.67,-2.52,0,0,0,0,1,1,1,1]],[21,"node_replay",4,[-88,-89],[[10,1,1,20,-86,[5,369,60]],[23,9,610,-87]],[0,"2f5yIeC5RKuqS6ll3UEAdL",1],[5,369,60],[0,0,0.5],[-414,466,0,0,0,0,1,1,1,1]],[29,"toggleContainer_replay",16,[7,8],[[-90,[10,1,1,30,-91,[5,174,63]]],1,4],[0,"49YFy0WH1PYLb/Fnqw9ggy",1],[5,174,63],[0,0,0.5],[195,-2.52,0,0,0,0,1,1,1,1]],[21,"node_titleAudio",4,[-94,-95],[[10,1,1,20,-92,[5,579,60]],[23,9,1037.804,-93]],[0,"bfdBFGKKRE4JrIlHh0gejk",1],[5,579,60],[0,0,0.5],[13.804000000000087,466,0,0,0,0,1,1,1,1]],[29,"toggleContainer_titleAudio",18,[9,10],[[-96,[10,1,1,30,-97,[5,174,63]]],1,4],[0,"4eiAxtNs9OC6WgnTVbU23h",1],[5,174,63],[0,0,0.5],[405,-2.52,0,0,0,0,1,1,1,1]],[53,"config",4,[-98,-99,-100,2],[0,"6c1tm7M7FD/bmsqDTnNdQ2",1]],[26,"New EditBox",[-102,-103,-104],[-101],[0,"c8y6rgTMNLyrUsQ0fkz5ce",1],[5,78.3,40],[146.296,0,0,0,0,0,1,1,1,1]],[26,"New EditBox",[-106,-107,-108],[-105],[0,"12HjzokGRBdL49dpBlLmni",1],[5,78.3,40],[206.601,0,0,0,0,0,1,1,1,1]],[21,"New Layout",20,[-111,-112],[[2,1,0,-109,[63],64],[43,1,2,30,-110,[5,200,40]]],[0,"07lGfyB7FPX5M8CJULB2OO",1],[5,200,40],[0,0.5,1],[-683.616,310.419,0,0,0,0,1,1,1,1]],[8,"Background",512,[-115],[[2,1,0,-113,[57],58],[3,0,45,100,40,-114]],[0,"13iaZiG6tAWqN1k8zkw+Zw",1],[5,100,40]],[63,"New EditBox",2,[-117,-118,-119],[-116],[0,"ffgvy5hZZKbZw6tJ5T1Q5q",1],[5,75.2,40],[180.366,0,0,0,0,0,1,1,1,1]],[8,"Background",512,[-122],[[2,1,0,-120,[70],71],[3,0,45,100,40,-121]],[0,"82D9gFW8RKAa7ubdLJMFNp",1],[5,100,40]],[8,"Background",512,[-125],[[2,1,0,-123,[77],78],[3,0,45,100,40,-124]],[0,"a1jJ4DRlFNx7nSyua3JpjI",1],[5,100,40]],[8,"Background",512,[-128],[[2,1,0,-126,[84],85],[3,0,45,100,40,-127]],[0,"d1d00JM+VF8pckgQW9oxGO",1],[5,60,40]],[8,"Background",512,[-131],[[2,1,0,-129,[91],92],[3,0,45,100,40,-130]],[0,"38B7USzhZPS55ITu2IA9kN",1],[5,60,40]],[8,"Background",512,[-134],[[2,1,0,-132,[98],99],[3,0,45,100,40,-133]],[0,"8aukhuxzhG+qG9YtjoYQf2",1],[5,60,40]],[8,"Background",512,[-137],[[2,1,0,-135,[105],106],[3,0,45,100,40,-136]],[0,"ddOziC7eVC9YU57rEYnf0W",1],[5,60,40]],[8,"Background",512,[-140],[[2,1,0,-138,[112],113],[3,0,45,100,40,-139]],[0,"94jVepUldKMIqnOpfWyUHq",1],[5,60,40]],[7,"Background",[-143],[[2,1,0,-141,[123],124],[44,0,45,-0.5,-0.5,100,40,-142]],[0,"07kfEepqBJ/btKbJNsKVkm",1],[5,161,60],[0,0,0,0,0,0,1,1,1,0]],[9,"node_top",512,11,[-145,-146],[[45,41,-144]],[0,"11A2JQ0iBOaJWgLEqv2iug",1],[5,2048,80],[0,536,0,0,0,0,1,1,1,1]],[6,"New Node",4,[-148,-149],[[10,1,1,200,-147,[5,520,200]]],[0,"cbbAchvDROpKeDAxhzqCrv",1],[5,520,200],[0,-451.927,0,0,0,0,1,1,1,1]],[42,"New Label",20,[21,-151],[[16,"游戏倒计时",1,1,-150,[48]]],[0,"d7QG0EMk9OB4q2ADK7ZRE1",1],[4,4278190080],[5,200,50.4],[-904.668,371.709,0,0,0,0,1,1,1,1]],[42,"New Label copy",20,[22,-153],[[16,"点击错误扣除时间",1,1,-152,[53]]],[0,"e1djzpOCREYZ+oyBYuylid",1],[4,4278190080],[5,320,50.4],[-417.073,371.709,0,0,0,0,1,1,1,1]],[54,"New Layout",23,[[2,1,0,-154,[54],55],[43,1,2,30,-155,[5,200,-30]]],[0,"02+aRBhgVDW4sAVmXHkbE4",1],[5,200,-30],[0,0.5,1]],[9,"node_bottom",512,11,[-157,-158],[[45,44,-156]],[0,"50fwDQYrpJfI3gy1OxXfhZ",1],[5,2048,80],[0,-536,0,0,0,0,1,1,1,1]],[55,"_nd_panel",false,[-160,-161],[[33,-159]],[0,"3a+UBTC8VA5rfwrJ4q+FH5",1],[5,2048,1152]],[25,"singleColor",34,[[19,0,-162,[0],1],[46,45,2,2,-163]],[0,"7de09oS+FA7r4+M2OExt8d",1],[4,4292335575],[5,2048,80]],[56,"label_title",34,[[70,"题目信息",1,-164,[2]],[23,8,20,-165]],[0,"65+vniGBhLeLhqj+2t91Fq",1],[4,4278190080],[5,160,50.4],[0,0,0.5],[-1004,0,0,0,0,0,1,1,1,1]],[6,"_btn_save",35,[12],[[5,3,-166,[[1,"70c27EBmWdPJYtgMQ9dyPZS","onBtnSaveClicked",1]],[4,4293322470],[4,4291348680],[4,3363338360],12,7,8,9,10]],[0,"08eTXfDsxJP5XWwX4r1ICd",1],[5,160,80],[-180,0,0,0,0,0,1,1,1,1]],[6,"_btn_view",35,[13],[[5,3,-167,[[1,"70c27EBmWdPJYtgMQ9dyPZS","onBtnViewClicked",1]],[4,4293322470],[4,4291348680],[4,3363338360],13,14,15,16,17]],[0,"06o5QRCT1AVZLMXv9lOb1a",1],[5,160,80],[180,0,0,0,0,0,1,1,1,1]],[9,"Background",512,5,[-169],[[12,2,false,-168,[20],21]],[0,"33i+1wKb9C8aVmGpFeXuQP",1],[5,32,32],[-20,0,0,0,0,0,1,1,1,1]],[9,"Background",512,6,[-171],[[12,2,false,-170,[24],25]],[0,"79TjD7xf9KqYH8NsCIWFdp",1],[5,32,32],[-20,0,0,0,0,0,1,1,1,1]],[9,"Background",512,7,[-173],[[12,2,false,-172,[29],30]],[0,"85X52AUQRKGpWuUnQt4UKz",1],[5,32,32],[-20,0,0,0,0,0,1,1,1,1]],[9,"Background",512,8,[-175],[[12,2,false,-174,[33],34]],[0,"e7bK7AmEVO5pG/bw1DlVVI",1],[5,32,32],[-20,0,0,0,0,0,1,1,1,1]],[9,"Background",512,9,[-177],[[12,2,false,-176,[38],39]],[0,"70ZzOg6KVJD6OBMhr/+x3S",1],[5,32,32],[-20,0,0,0,0,0,1,1,1,1]],[9,"Background",512,10,[-179],[[12,2,false,-178,[42],43]],[0,"cf2dAMQr5JHJjWXdBUM79k",1],[5,32,32],[-20,0,0,0,0,0,1,1,1,1]],[30,"BACKGROUND_SPRITE",512,21,[[-180,[3,0,45,160,40,-181]],1,4],[0,"07BISLb6dOiIrortYb7COU",1],[5,78.3,40]],[31,"TEXT_LABEL",512,false,21,[[-182,[15,0,45,2,158,40,-183]],1,4],[0,"23v6DoKWZMPLgiu+N5JGrd",1],[5,158,40],[0,0,1],[-78,20,0,0,0,0,1,1,1,1]],[32,"PLACEHOLDER_LABEL",512,21,[[-184,[15,0,45,2,158,40,-185]],1,4],[0,"dc3SQpyvRHxLtasGaBSS1F",1],[4,4290493371],[5,76.3,40],[0,0,1],[-37.15,20,0,0,0,0,1,1,1,1]],[30,"BACKGROUND_SPRITE",512,22,[[-186,[3,0,45,160,40,-187]],1,4],[0,"b74xXEhWtG55mtxl1a++9f",1],[5,78.3,40]],[31,"TEXT_LABEL",512,false,22,[[-188,[15,0,45,2,158,40,-189]],1,4],[0,"94XQxboZBCS5DnLduLFvNw",1],[5,76.3,40],[0,0,1],[-37.15,20,0,0,0,0,1,1,1,1]],[32,"PLACEHOLDER_LABEL",512,22,[[-190,[15,0,45,2,158,40,-191]],1,4],[0,"20h0JODkpCAq30fN2s299H",1],[4,4290493371],[5,76.3,40],[0,0,1],[-37.15,20,0,0,0,0,1,1,1,1]],[6,"New Button",23,[24],[[5,2,-192,[[1,"70c27EBmWdPJYtgMQ9dyPZS","onClickAdd",1]],[4,4293322470],[4,4291348680],[4,3363338360],24,59,60,61,62]],[0,"1aYz5ry9xKUJ0lSq6J0/TC",1],[5,100,40],[-44.226,-20,0,0,0,0,1,1,1,1]],[30,"BACKGROUND_SPRITE",512,25,[[-193,[3,0,45,160,40,-194]],1,4],[0,"c3peZVsPtLg6XLGvaL3EC8",1],[5,75.2,40]],[31,"TEXT_LABEL",512,false,25,[[-195,[15,0,45,2,158,40,-196]],1,4],[0,"49IG8y+5xG+aiYmyoy1HYS",1],[5,158,40],[0,0,1],[-78,20,0,0,0,0,1,1,1,1]],[32,"PLACEHOLDER_LABEL",512,25,[[-197,[15,0,45,2,158,40,-198]],1,4],[0,"3dSYY3l/VOIIlrdLS8uYvA",1],[4,4290493371],[5,73.2,40],[0,0,1],[-35.6,20,0,0,0,0,1,1,1,1]],[6,"New Button",2,[26],[[5,2,-199,[[1,"1ef24i84udIaKa/D6/G9dTr","onClickDelete",2]],[4,4293322470],[4,4291348680],[4,3363338360],26,72,73,74,75]],[0,"9aJ2hUwnVEQ7M373/bj+Do",1],[5,100,40],[309.482,0,0,0,0,0,1,1,1,1]],[6,"btn_type",2,[27],[[5,2,-200,[[1,"1ef24i84udIaKa/D6/G9dTr","onClickChangeType",2]],[4,4293322470],[4,4291348680],[4,3363338360],27,79,80,81,82]],[0,"3d2iHCy7RHnbSVux6uep0q",1],[5,100,40],[-44.226,0,0,0,0,0,1,1,1,1]],[6,"New Button",3,[28],[[5,2,-201,[[20,"1ef24i84udIaKa/D6/G9dTr","onClickType","0",2]],[4,4293322470],[4,4291348680],[4,3363338360],28,86,87,88,89]],[0,"7duKBDL3xGJqh616r0wRbI",1],[5,60,40],[-140,0,0,0,0,0,1,1,1,1]],[6,"New Button copy",3,[29],[[5,2,-202,[[20,"1ef24i84udIaKa/D6/G9dTr","onClickType","1",2]],[4,4293322470],[4,4291348680],[4,3363338360],29,93,94,95,96]],[0,"deVOsdPCVE6ql2UWfLp/OD",1],[5,60,40],[-70,0,0,0,0,0,1,1,1,1]],[57,"New Button copy",3,[30],[[5,2,-203,[[20,"1ef24i84udIaKa/D6/G9dTr","onClickType","2",2]],[4,4293322470],[4,4291348680],[4,3363338360],30,100,101,102,103]],[0,"3aBG448WdJIaUE/2g2dCG7",1],[5,60,40]],[6,"New Button copy",3,[31],[[5,2,-204,[[20,"1ef24i84udIaKa/D6/G9dTr","onClickType","3",2]],[4,4293322470],[4,4291348680],[4,3363338360],31,107,108,109,110]],[0,"ec5eqixq9M5qtC+UOfCmST",1],[5,60,40],[70,0,0,0,0,0,1,1,1,1]],[6,"New Button copy",3,[32],[[5,2,-205,[[20,"1ef24i84udIaKa/D6/G9dTr","onClickType","4",2]],[4,4293322470],[4,4291348680],[4,3363338360],32,114,115,116,117]],[0,"6eC7dl9x9NuJpwLu6m3XiO",1],[5,60,40],[140,0,0,0,0,0,1,1,1,1]],[25,"singleColor",39,[[19,0,-206,[120],121],[46,45,2,2,-207]],[0,"77PwX0fu5JfoFenvb8ob9j",1],[4,4292335575],[5,2048,80]],[58,"btnView",false,39,[33],[[5,3,-208,[[1,"70c27EBmWdPJYtgMQ9dyPZS","onBtnViewClicked",1]],[4,4293322470],[4,4291348680],[4,3363338360],33,125,126,127,128]],[0,"e76Cos7ctI5r1e3xMvtuls",1],[5,160,60]],[59,"nd_loading",150,1,[40],[[72,-209]],[0,"c2d/qF5qZDY6vvhJG1XOsJ",1],[4,4278190080]],[60,"label",false,4,[[24,"非配置型课件，直接保存即可。",50,60,1,1,-210,[3]]],[0,"d8M7uIKwFKybNdtR6eBdZM",1],[4,4278190080],[5,700,75.6],[0,136.14500427246094,0,0,0,0,1,1,1,1]],[22,"Label",12,[[37,"保存",45,50,false,1,1,1,-211,[4]]],[0,"a2Bwp2OHlN9IUAJcFtYnbM",1],[5,100,50]],[22,"Label",13,[[37,"预览",45,50,false,1,1,1,-212,[11]]],[0,"ceAuNjA8JFTZpXoSI4ZCKl",1],[5,100,50]],[4,"New Label",14,[[24,"星级评判OverTips：",35,45,1,1,-213,[18]]],[0,"fe9FFJp9hGTrmtaH674fUn",1],[4,4278190080],[5,315.67,56.7],[157.835,0,0,0,0,0,1,1,1,1]],[27,"checkmark",512,45,[-214],[0,"c90/SHaqRL4raNTl4Vh+OE",1],[5,32,32]],[13,2,false,75,[19]],[4,"New Label",5,[[17,"开",50,1,1,-215,[22]]],[0,"fdCyc5ldFA0ZHeftsVKF4o",1],[4,4278190080],[5,40,63],[16,0,0,0,0,0,1,1,1,1]],[28,"checkmark",512,false,46,[-216],[0,"d0spGOgfBMNLFBGLUsJMXB",1],[5,32,32]],[13,2,false,78,[23]],[4,"New Label",6,[[17,"关",50,1,1,-217,[26]]],[0,"5e5qmNMz1DbYtTYSwd6QQv",1],[4,4278190080],[5,40,63],[16,0,0,0,0,0,1,1,1,1]],[39,15,[[1,"70c27EBmWdPJYtgMQ9dyPZS","onToggleStar",1]]],[4,"New Label",16,[[24,"再玩一次：",35,45,1,1,-218,[27]]],[0,"a0QZG99uRC2LybxkhOwwUl",1],[4,4278190080],[5,175,56.7],[87.5,0,0,0,0,0,1,1,1,1]],[27,"checkmark",512,47,[-219],[0,"5d7yJPUHFBD6xBEZqGBsxG",1],[5,32,32]],[13,2,false,83,[28]],[4,"New Label",7,[[17,"是",50,1,1,-220,[31]]],[0,"34LLLB/tFG3qh+b7cdrXAM",1],[4,4278190080],[5,40,63],[16,0,0,0,0,0,1,1,1,1]],[28,"checkmark",512,false,48,[-221],[0,"b1Xi0uDhxPko+JBquoAGk5",1],[5,32,32]],[13,2,false,86,[32]],[4,"New Label",8,[[17,"否",50,1,1,-222,[35]]],[0,"d6g4FPiZ1ACoTBBvzRpBdd",1],[4,4278190080],[5,40,63],[16,0,0,0,0,0,1,1,1,1]],[39,17,[[1,"70c27EBmWdPJYtgMQ9dyPZS","onToggleReplay",1]]],[4,"New Label",18,[[24,"是否自动播放题干语音：",35,45,1,1,-223,[36]]],[0,"e4m8mcj+RKvpFvYFuVgVqj",1],[4,4278190080],[5,385,56.7],[192.5,0,0,0,0,0,1,1,1,1]],[27,"checkmark",512,49,[-224],[0,"69N4f0+xNES6zntNyHUX8u",1],[5,32,32]],[13,2,false,91,[37]],[4,"New Label",9,[[17,"是",50,1,1,-225,[40]]],[0,"891WHUcgxCtKWtbdqyBNXu",1],[4,4278190080],[5,40,63],[16,0,0,0,0,0,1,1,1,1]],[28,"checkmark",512,false,50,[-226],[0,"0a7yYKRu1DSIFvoFru1fWP",1],[5,32,32]],[13,2,false,94,[41]],[4,"New Label",10,[[17,"否",50,1,1,-227,[44]]],[0,"61Gh1qi0lOjKxSzzeWwOAE",1],[4,4278190080],[5,40,63],[16,0,0,0,0,0,1,1,1,1]],[39,19,[[1,"70c27EBmWdPJYtgMQ9dyPZS","onToggleTitleAudio",1]]],[34,1,0,51,[45]],[47,30,25,false,1,1,1,52],[38,20,25,false,1,1,53,[46]],[40,3,2,21,[[1,"70c27EBmWdPJYtgMQ9dyPZS","onEditCountdownChange",1]],[[1,"70c27EBmWdPJYtgMQ9dyPZS","onEditCountdownChange",1]],99,100,98],[4,"New Label",36,[[16,"秒",1,1,-228,[47]]],[0,"b6JKrjWspDK43cwBmB2gnx",1],[4,4278190080],[5,40,50.4],[210.791,0,0,0,0,0,1,1,1,1]],[34,1,0,54,[49]],[71,30,25,false,1,1,1,55,[50]],[38,20,25,false,1,1,56,[51]],[40,3,2,22,[[1,"70c27EBmWdPJYtgMQ9dyPZS","onEditWrongTimeChange",1]],[[1,"70c27EBmWdPJYtgMQ9dyPZS","onEditWrongTimeChange",1]],104,105,103],[4,"New Label",37,[[16,"秒",1,1,-229,[52]]],[0,"41QiRjyZhG5ZZ/rU/uazgn",1],[4,4278190080],[5,40,50.4],[278.187,0,0,0,0,0,1,1,1,1]],[11,"Label",512,24,[[48,"+",50,60,false,1,1,1,1,-230,[56]]],[0,"24Lr7Ky5JIobrtR7QIB9LD",1],[4,4278190080],[5,100,40]],[64,"lbl_index",2,[-231],[0,"11+nzqXklEDaa7GW88+PLJ",1],[4,4278190080],[5,102.25,50.4],[-288.938,0,0,0,0,0,1,1,1,1]],[16,"（1）",1,1,109,[65]],[25,"New Label",2,[[16,"找出含有           的物品        个",1,1,-232,[66]]],[0,"c8SoagHB1DhqgKYyHh4EbB",1],[4,4278190080],[5,531.15,50.4]],[34,1,0,58,[67]],[47,20,25,false,1,1,1,59],[38,20,25,false,1,1,60,[68]],[40,2,2,25,[[1,"1ef24i84udIaKa/D6/G9dTr","onEditCountChange",2]],[[1,"1ef24i84udIaKa/D6/G9dTr","onEditCountChange",2]],113,114,112],[61,"Label",512,26,[[48,"删除",25,25,false,1,2,1,1,-233,[69]]],[0,"40RHFuSp9DrqBY6pO3fLqS",1],[4,4278190080],[5,100,40],[0,5,0,0,0,0,1,1,1,1]],[65,"Label",512,27,[-234],[0,"9c1j8xhCNACqqmuaZWYwuc",1],[4,4278190080],[5,100,40]],[18,"button",20,false,1,1,1,1,117,[76]],[11,"Label",512,28,[[18,"平行",20,false,1,1,1,1,-235,[83]]],[0,"75z2X6fNdA+oOsQVmvn8dh",1],[4,4278190080],[5,100,40]],[11,"Label",512,29,[[18,"垂直",20,false,1,1,1,1,-236,[90]]],[0,"4fx+wjyaVB/LyNbdZW5cNI",1],[4,4278190080],[5,100,40]],[11,"Label",512,30,[[18,"直角",20,false,1,1,1,1,-237,[97]]],[0,"b7OQS0UeZLYJPIQe2rlC2m",1],[4,4278190080],[5,100,40]],[11,"Label",512,31,[[18,"锐角",20,false,1,1,1,1,-238,[104]]],[0,"ccDRdVpM5HVq+O9MwiKi1D",1],[4,4278190080],[5,100,40]],[11,"Label",512,32,[[18,"钝角",20,false,1,1,1,1,-239,[111]]],[0,"5cwHAh05pOkY2yITP4jRmh",1],[4,4278190080],[5,100,40]],[73,2,110,118,115,3,1],[22,"Label",33,[[37,"检测",45,50,false,1,1,1,-240,[122]]],[0,"2bXPmAUNlJ+qQAQr3fH4Sr",1],[5,100,50]],[62,"img_bg",150,40,[[19,0,-241,[131],132]],[0,"aefYLshfJBm7KFlC57tvR4",1],[4,4278190080],[5,2048,1152]],[22,"sp_loading",40,[[74,"default","animation",0,"animation",-242,[133],134]],[0,"e3+YmUkHpJZ6KxOVMLgzVn",1],[5,36,36]]],0,[0,10,1,0,11,38,0,12,124,0,13,106,0,14,101,0,15,97,0,16,89,0,17,81,0,0,1,0,0,1,0,-1,11,0,-2,70,0,-1,124,0,-1,109,0,-2,111,0,-3,25,0,-4,61,0,-5,62,0,-6,3,0,0,3,0,0,3,0,0,3,0,-1,63,0,-2,64,0,-3,65,0,-4,66,0,-5,67,0,0,4,0,-1,71,0,-2,35,0,-3,14,0,-4,16,0,-5,18,0,-6,20,0,8,76,0,9,5,0,0,5,0,0,5,0,-1,45,0,-2,77,0,8,79,0,9,6,0,0,6,0,0,6,0,-1,46,0,-2,80,0,8,84,0,9,7,0,0,7,0,0,7,0,-1,47,0,-2,85,0,8,87,0,9,8,0,0,8,0,0,8,0,-1,48,0,-2,88,0,8,92,0,9,9,0,0,9,0,0,9,0,-1,49,0,-2,93,0,8,95,0,9,10,0,0,10,0,0,10,0,-1,50,0,-2,96,0,0,11,0,-1,34,0,-3,39,0,0,12,0,0,12,0,-1,72,0,0,13,0,0,13,0,-1,73,0,0,14,0,0,14,0,-1,74,0,-2,15,0,-1,81,0,0,15,0,0,16,0,0,16,0,-1,82,0,-2,17,0,-1,89,0,0,17,0,0,18,0,0,18,0,-1,90,0,-2,19,0,-1,97,0,0,19,0,-1,36,0,-2,37,0,-3,23,0,-1,101,0,-1,51,0,-2,52,0,-3,53,0,-1,106,0,-1,54,0,-2,55,0,-3,56,0,0,23,0,0,23,0,-1,38,0,-2,57,0,0,24,0,0,24,0,-1,108,0,-1,115,0,-1,58,0,-2,59,0,-3,60,0,0,26,0,0,26,0,-1,116,0,0,27,0,0,27,0,-1,117,0,0,28,0,0,28,0,-1,119,0,0,29,0,0,29,0,-1,120,0,0,30,0,0,30,0,-1,121,0,0,31,0,0,31,0,-1,122,0,0,32,0,0,32,0,-1,123,0,0,33,0,0,33,0,-1,125,0,0,34,0,-1,41,0,-2,42,0,0,35,0,-1,43,0,-2,44,0,0,36,0,-2,102,0,0,37,0,-2,107,0,0,38,0,0,38,0,0,39,0,-1,68,0,-2,69,0,0,40,0,-1,126,0,-2,127,0,0,41,0,0,41,0,0,42,0,0,42,0,0,43,0,0,44,0,0,45,0,-1,75,0,0,46,0,-1,78,0,0,47,0,-1,83,0,0,48,0,-1,86,0,0,49,0,-1,91,0,0,50,0,-1,94,0,-1,98,0,0,51,0,-1,99,0,0,52,0,-1,100,0,0,53,0,-1,103,0,0,54,0,-1,104,0,0,55,0,-1,105,0,0,56,0,0,57,0,-1,112,0,0,58,0,-1,113,0,0,59,0,-1,114,0,0,60,0,0,61,0,0,62,0,0,63,0,0,64,0,0,65,0,0,66,0,0,67,0,0,68,0,0,68,0,0,69,0,0,70,0,0,71,0,0,72,0,0,73,0,0,74,0,-1,76,0,0,77,0,-1,79,0,0,80,0,0,82,0,-1,84,0,0,85,0,-1,87,0,0,88,0,0,90,0,-1,92,0,0,93,0,-1,95,0,0,96,0,0,102,0,0,107,0,0,108,0,-1,110,0,0,111,0,0,116,0,-1,118,0,0,119,0,0,120,0,0,121,0,0,122,0,0,123,0,0,125,0,0,126,0,0,127,0,18,1,2,2,20,4,2,11,5,2,15,6,2,15,7,2,17,8,2,17,9,2,19,10,2,19,12,2,43,13,2,44,21,2,36,22,2,37,24,2,57,26,2,61,27,2,62,28,2,63,29,2,64,30,2,65,31,2,66,32,2,67,33,2,69,40,2,70,242],[0,0,0,0,0,0,0,0,0,0,0,0,0,0,0,0,0,0,0,0,0,0,0,0,0,0,0,0,0,0,0,0,0,0,0,0,0,0,0,0,0,0,0,0,0,0,0,0,0,0,0,0,0,0,0,0,0,0,0,0,0,0,0,0,0,0,0,0,0,0,0,0,0,0,0,0,0,0,0,0,0,0,0,0,0,0,0,0,0,0,0,0,0,0,0,0,0,0,0,0,0,0,0,0,0,0,0,0,0,0,0,0,0,0,0,0,0,0,0,0,0,0,0,0,0,0,0,0,0,0,0,0,0,0,0,76,79,84,87,92,95,98,103,112],[-1,1,-1,-1,-1,-1,1,3,4,5,6,-1,-1,1,3,4,5,6,-1,-1,-1,1,-1,-1,-1,1,-1,-1,-1,-1,1,-1,-1,-1,1,-1,-1,-1,-1,1,-1,-1,-1,1,-1,-1,-1,-1,-1,-1,-1,-1,-1,-1,-1,1,-1,-1,1,3,4,5,6,-1,1,-1,-1,-1,-1,-1,-1,1,3,4,5,6,-1,-1,1,3,4,5,6,-1,-1,1,3,4,5,6,-1,-1,1,3,4,5,6,-1,-1,1,3,4,5,6,-1,-1,1,3,4,5,6,-1,-1,1,3,4,5,6,-1,1,-1,1,-1,-1,1,3,4,5,6,-1,1,-1,1,-1,19,1,1,1,1,1,1,1,1,1],[0,8,0,0,0,0,6,6,2,1,3,0,0,14,6,2,1,3,0,0,0,4,0,0,0,4,0,0,0,0,4,0,0,0,4,0,0,0,0,4,0,0,0,4,0,0,0,0,0,0,0,0,0,0,0,10,0,0,1,1,2,1,3,0,10,0,0,0,0,0,0,1,1,2,1,3,0,0,1,1,2,1,3,0,0,1,1,2,1,3,0,0,1,1,2,1,3,0,0,1,1,2,1,3,0,0,1,1,2,1,3,0,0,1,1,2,1,3,0,11,0,8,0,0,6,6,2,1,3,0,8,0,11,15,16,5,5,5,5,5,5,9,9,9]],[[{"name":"singleColor","rect":[115,477,2,2],"offset":[0,0],"originalSize":[2,2],"capInsets":[0,0,0,0]}],[1],0,[0],[7],[7]],[[{"name":"btn02","rect":[59,477,50,50],"offset":[0,0],"originalSize":[50,50],"capInsets":[20,19,22,22]}],[1],0,[0],[7],[7]],[[[75,"loading_01","\nloading_01.png\nsize: 64,64\nformat: RGBA8888\nfilter: Linear,Linear\nrepeat: none\npoint_01\n  rotate: false\n  xy: 2, 2\n  size: 36, 36\n  orig: 36, 36\n  offset: 0, 0\n  index: -1\n",["loading_01.png"],{"skeleton":{"hash":"mMZ8e6FVoAMlIt+9ONbFwQhzRlg","spine":"3.7.94","width":36,"height":36,"images":"../images/","audio":""},"bones":[{"name":"root"},{"name":"point_01","parent":"root","length":51.21,"rotation":90},{"name":"point_1","parent":"root","length":51.21,"rotation":90},{"name":"point_2","parent":"root","length":51.21,"rotation":90},{"name":"point_3","parent":"root","length":51.21,"rotation":90},{"name":"point_4","parent":"root","length":51.21,"rotation":90}],"slots":[{"name":"point_01","bone":"point_01","attachment":"point_01"},{"name":"point_1","bone":"point_1","attachment":"point_01"},{"name":"point_2","bone":"point_2","attachment":"point_01"},{"name":"point_3","bone":"point_3","attachment":"point_01"},{"name":"point_4","bone":"point_4","attachment":"point_01"}],"skins":{"default":{"point_01":{"point_01":{"x":100,"rotation":-90,"width":36,"height":36}},"point_1":{"point_01":{"x":100,"scaleX":0.8,"scaleY":0.8,"rotation":-90,"width":36,"height":36}},"point_2":{"point_01":{"x":100,"scaleX":0.7,"scaleY":0.7,"rotation":-90,"width":36,"height":36}},"point_3":{"point_01":{"x":100,"scaleX":0.6,"scaleY":0.6,"rotation":-90,"width":36,"height":36}},"point_4":{"point_01":{"x":100,"scaleX":0.5,"scaleY":0.5,"rotation":-90,"width":36,"height":36}}}},"animations":{"animation":{"bones":{"point_01":{"rotate":[{"time":0,"angle":0},{"time":0.6667,"angle":-179.99},{"time":0.8333,"angle":88.73},{"time":1,"angle":0}]},"point_1":{"rotate":[{"time":0.1,"angle":0},{"time":0.7667,"angle":-179.99},{"time":0.9333,"angle":90},{"time":1.1,"angle":0}]},"point_4":{"rotate":[{"time":0.4,"angle":0},{"time":1.0667,"angle":-179.99},{"time":1.2333,"angle":90},{"time":1.4,"angle":0}]},"point_3":{"rotate":[{"time":0.3,"angle":0},{"time":0.9667,"angle":-179.99},{"time":1.1333,"angle":90},{"time":1.3,"angle":0}]},"point_2":{"rotate":[{"time":0.2,"angle":0},{"time":0.8667,"angle":-179.99},{"time":1.0333,"angle":90},{"time":1.2,"angle":0}]}}}}},[0]]],0,0,[0],[-1],[17]],[[{"name":"default_panel","rect":[0,0,20,20],"offset":[0,0],"originalSize":[20,20],"capInsets":[6,6,6,6]}],[1],0,[0],[7],[18]],[[{"name":"default_radio_button_off","rect":[3,3,26,26],"offset":[0,0],"originalSize":[32,32],"capInsets":[0,0,0,0]}],[1],0,[0],[7],[19]],[[{"name":"default_btn_pressed","rect":[0,0,40,40],"offset":[0,0],"originalSize":[40,40],"capInsets":[12,12,12,12]}],[1],0,[0],[7],[20]],[[{"name":"default_btn_normal","rect":[0,0,40,40],"offset":[0,0],"originalSize":[40,40],"capInsets":[12,12,12,12]}],[1],0,[0],[7],[21]],[[{"name":"default_editbox_bg","rect":[0,0,40,40],"offset":[0,0],"originalSize":[40,40],"capInsets":[12,12,12,12]}],[1],0,[0],[7],[22]]]]