[1,["19ea2f013","40YpoDiwZBtqVEzCBCNozc","84g4U40z9Hf7BpVQYFlhB4","dd5iJ4SXlFNrdysZI/nhy7"],["_textureSetter","Bitmap 1","Bitmap 2","Bitmap 3"],["cc.SpriteFrame",["cc.SpriteAtlas",["_name","_spriteFrames"],2,11]],[[1,0,1,2]],[[[{"name":"Bitmap 1","rect":[3,1851,1096,126],"offset":[0,0],"originalSize":[1096,126],"capInsets":[0,0,0,0]}],[0],0,[0],[0],[0]],[[[0,"loading_page.plist",[{},"Bitmap 1",6,0,"Bitmap 2",6,1,"Bitmap 3",6,2]]],0,0,[0,0,0],[1,2,3],[1,2,3]],[[{"name":"Bitmap 2","rect":[3,1983,1068,45],"offset":[0,0],"originalSize":[1068,45],"capInsets":[27,0,31,0]}],[0],0,[0],[0],[0]],[[{"name":"Bitmap 3","rect":[1852,1875,163,82],"offset":[0,0],"originalSize":[163,82],"rotated":1,"capInsets":[0,0,0,0]}],[0],0,[0],[0],[0]]]]