[1,["ecpdLyjvZBwrvm+cedCcQy","1900dfc37","32o/oUApVEsbMycQJ1P4gf","8en2pOgl1I57v0weXh1FKP"],["node","_spriteFrame","_textureSetter","root","data"],["cc.SpriteFrame",["cc.Node",["_name","_components","_prefab","_contentSize","_children","_trs","_parent"],2,9,4,5,2,7,1],["cc.Prefab",["_name"],2],["f496fZ+e7dBKotK1z+dphJ7",["node"],3,1],["cc.PrefabInfo",["fileId","root"],2,1],["cc.Sprite",["node","_materials","_spriteFrame"],3,1,3,6]],[[4,0,1,2],[1,0,6,1,2,3,2],[5,0,1,2,1],[2,0,2],[1,0,4,1,2,3,5,2],[3,0,1]],[[[[3,"replayBtn"],[4,"replayBtn",[-3,-4],[[5,-2]],[0,"240V3UDV1H+rjlny462UuN",-1],[5,400,180],[0,-380,0,0,0,0,1,1,1,1]],[1,"btn_playAgain_normalbg",1,[[2,-5,[0],1]],[0,"d1iiKo1tlBNJ7GfBGl3+Hu",1],[5,400,180]],[1,"btn_playAgain_normal",1,[[2,-6,[2],3]],[0,"21l9KEn8pLLZ++GOLKbxXB",1],[5,380,160]]],0,[0,3,1,0,0,1,0,-1,2,0,-2,3,0,0,2,0,0,3,0,4,1,6],[0,0,0,0],[-1,1,-1,1],[0,2,0,3]],[[{"name":"btn_playAgain_normalbg","rect":[1860,1077,400,180],"offset":[0,0],"originalSize":[400,180],"rotated":1,"capInsets":[0,0,0,0]}],[0],0,[0],[2],[1]],[[{"name":"btn_playAgain_normal","rect":[1860,1483,380,160],"offset":[0,0],"originalSize":[380,160],"rotated":1,"capInsets":[0,0,0,0]}],[0],0,[0],[2],[1]]]]