[1,["81Xssf6NpPa67Ofg41FTOG"],0,[["sp.SkeletonData",["_name","_atlasText","textureNames","_skeletonJson","textures"],-1,3]],[[0,0,1,2,3,4,5]],[[0,"1xing","\n1xing.png\nsize: 2048,512\nformat: RGBA8888\nfilter: Linear,Linear\nrepeat: none\nANNIU_dian1\n  rotate: false\n  xy: 1758, 18\n  size: 25, 25\n  orig: 31, 31\n  offset: 3, 3\n  index: -1\nGOOD_XX1\n  rotate: false\n  xy: 1687, 3\n  size: 41, 40\n  orig: 45, 44\n  offset: 2, 2\n  index: -1\nGOOD_dd1\n  rotate: false\n  xy: 1730, 18\n  size: 26, 25\n  orig: 30, 29\n  offset: 2, 2\n  index: -1\nGOOD_diguang\n  rotate: false\n  xy: 2, 150\n  size: 1538, 221\n  orig: 1538, 221\n  offset: 0, 0\n  index: -1\nGOOD_good\n  rotate: true\n  xy: 1687, 45\n  size: 326, 105\n  orig: 334, 112\n  offset: 4, 4\n  index: -1\nGOOD_guang1\n  rotate: true\n  xy: 1542, 2\n  size: 369, 143\n  orig: 377, 150\n  offset: 4, 4\n  index: -1\nGOOD_guang2\n  rotate: false\n  xy: 2, 58\n  size: 1090, 90\n  orig: 1111, 101\n  offset: 10, 5\n  index: -1\n",["1xing.png"],{"skeleton":{"hash":"oD6PkPaocel8sqMaOv+RsstpTgo","spine":"3.8.99","x":-769.95,"y":-511.96,"width":1538,"height":221,"images":"./images/","audio":"D:/工作/新建文件夹/培优素养课/创新思维--交互游戏/新交互组工作/交互制作/制作整理"},"bones":[{"name":"root"},{"name":"bone5","parent":"root","x":24.69,"y":-635.33},{"name":"bone7","parent":"bone5","x":-751.63,"y":156.12},{"name":"bone12","parent":"bone7","length":100,"x":18.84,"y":81.15,"color":"df38efff"},{"name":"bone13","parent":"bone7","x":732,"y":10.03,"color":"43f31cff"},{"name":"ANNIU_di","parent":"bone13","x":0.2,"y":11.37,"color":"43f31cff"},{"name":"ANNIU_zi","parent":"ANNIU_di","length":35.87,"rotation":90,"x":0.11,"y":37.34,"color":"43f31cff"},{"name":"GOOD_good","parent":"bone7","length":24.35,"rotation":90,"x":712.65,"y":37.63,"color":"df38efff"},{"name":"bone14","parent":"bone7","x":711.57,"y":81.42,"color":"df38efff"},{"name":"bone15","parent":"bone12","length":70.8,"x":684.69,"y":-0.39,"color":"df38efff"},{"name":"bone16","parent":"bone12","x":691.24,"y":-205.09,"color":"df38efff"},{"name":"bone17","parent":"bone16","x":162.76,"y":267.41,"color":"df38efff"},{"name":"bone18","parent":"bone16","x":-183.15,"y":263.35,"scaleX":0.8,"scaleY":0.8,"color":"df38efff"},{"name":"bone19","parent":"bone16","x":45.26,"y":145.54,"scaleX":0.6,"scaleY":0.6,"color":"df38efff"},{"name":"bone20","parent":"bone16","x":-266.76,"y":201.85,"scaleX":0.5,"scaleY":0.5,"color":"df38efff"},{"name":"bone21","parent":"bone16","x":191.71,"y":154.13,"color":"df38efff"},{"name":"bone22","parent":"bone16","x":308.86,"y":180.23,"color":"df38efff"},{"name":"bone23","parent":"bone16","x":-427.77,"y":179.32,"color":"df38efff"},{"name":"bone24","parent":"bone16","x":-186.6,"y":157.33,"scaleX":0.6,"scaleY":0.6,"color":"df38efff"},{"name":"bone25","parent":"bone16","x":-98.76,"y":293.36,"scaleX":0.6,"scaleY":0.6,"color":"df38efff"},{"name":"bone26","parent":"bone16","x":-85.27,"y":129.65,"scaleX":0.6,"scaleY":0.6,"color":"df38efff"},{"name":"bone27","parent":"bone16","x":281.6,"y":237.21,"scaleX":0.65,"scaleY":0.65,"color":"df38efff"},{"name":"bone28","parent":"bone16","x":433.64,"y":215.49,"scaleX":0.5,"scaleY":0.5,"color":"df38efff"},{"name":"bone29","parent":"bone16","x":340.08,"y":193.9,"scaleX":0.45,"scaleY":0.45,"color":"df38efff"},{"name":"bone30","parent":"bone16","x":45.17,"y":272.62,"scaleX":0.6,"scaleY":0.6,"color":"df38efff"},{"name":"bone31","parent":"bone16","x":-41.92,"y":258.78,"scaleX":0.4,"scaleY":0.4,"color":"df38efff"},{"name":"bone33","parent":"bone16","x":-151.97,"y":114,"scaleX":0.6,"scaleY":0.6,"color":"df38efff"}],"slots":[{"name":"GOOD_XX1","bone":"bone17","attachment":"GOOD_XX1"},{"name":"GOOD_XX6","bone":"bone19","attachment":"GOOD_XX1"},{"name":"GOOD_XX5","bone":"bone18","attachment":"GOOD_XX1"},{"name":"GOOD_XX7","bone":"bone20","attachment":"GOOD_XX1"},{"name":"GOOD_dd1","bone":"bone21","attachment":"GOOD_dd1"},{"name":"GOOD_dd11","bone":"bone31","attachment":"GOOD_dd1"},{"name":"GOOD_dd7","bone":"bone27","attachment":"GOOD_dd1"},{"name":"GOOD_dd8","bone":"bone28","attachment":"ANNIU_dian1"},{"name":"GOOD_dd3","bone":"bone23","attachment":"ANNIU_dian1"},{"name":"GOOD_dd4","bone":"bone24","attachment":"GOOD_dd1"},{"name":"GOOD_dd5","bone":"bone25","attachment":"GOOD_dd1"},{"name":"GOOD_dd6","bone":"bone26","attachment":"ANNIU_dian1"},{"name":"GOOD_dd10","bone":"bone30","attachment":"GOOD_dd1"},{"name":"GOOD_dd12","bone":"bone33","attachment":"GOOD_dd1"},{"name":"GOOD_dd9","bone":"bone29","attachment":"ANNIU_dian1"},{"name":"GOOD_dd2","bone":"bone22","attachment":"GOOD_dd1"},{"name":"GOOD_diguang","bone":"bone12","attachment":"GOOD_diguang"},{"name":"GOOD_guang1","bone":"bone14","attachment":"GOOD_guang1"},{"name":"GOOD_guang2","bone":"bone15","attachment":"GOOD_guang2"},{"name":"GOOD_good","bone":"GOOD_good","attachment":"GOOD_good"}],"skins":[{"name":"default","attachments":{"GOOD_XX1":{"GOOD_XX1":{"x":-0.34,"y":0.77,"width":45,"height":44}},"GOOD_XX5":{"GOOD_XX1":{"x":-0.34,"y":0.77,"width":45,"height":44}},"GOOD_XX6":{"GOOD_XX1":{"x":-0.34,"y":0.77,"width":45,"height":44}},"GOOD_XX7":{"GOOD_XX1":{"x":-0.34,"y":0.77,"width":45,"height":44}},"GOOD_dd1":{"GOOD_dd1":{"x":0.21,"y":-0.44,"width":30,"height":29}},"GOOD_dd2":{"GOOD_dd1":{"x":0.21,"y":-0.44,"width":30,"height":29}},"GOOD_dd3":{"ANNIU_dian1":{"x":0.21,"y":-0.44,"width":31,"height":31}},"GOOD_dd4":{"GOOD_dd1":{"x":0.21,"y":-0.44,"width":30,"height":29}},"GOOD_dd5":{"GOOD_dd1":{"x":0.21,"y":-0.44,"width":30,"height":29}},"GOOD_dd6":{"ANNIU_dian1":{"x":0.21,"y":-0.44,"width":31,"height":31}},"GOOD_dd7":{"GOOD_dd1":{"x":0.21,"y":-0.44,"width":30,"height":29}},"GOOD_dd8":{"ANNIU_dian1":{"x":0.21,"y":-0.44,"width":31,"height":31}},"GOOD_dd9":{"ANNIU_dian1":{"x":0.21,"y":-0.44,"width":31,"height":31}},"GOOD_dd10":{"GOOD_dd1":{"x":0.21,"y":-0.44,"width":30,"height":29}},"GOOD_dd11":{"GOOD_dd1":{"x":0.21,"y":-0.44,"width":30,"height":29}},"GOOD_dd12":{"GOOD_dd1":{"x":0.21,"y":-0.44,"width":30,"height":29}},"GOOD_diguang":{"GOOD_diguang":{"type":"mesh","hull":4,"width":1538,"height":221,"uvs":[1,1,0,1,0,0,1,0],"triangles":[1,2,3,1,3,0],"vertices":[1476.16,-113.9,-61.84,-113.9,-61.84,107.1,1476.16,107.1],"edges":[0,2,2,4,4,6,0,6]}},"GOOD_good":{"GOOD_good":{"x":41.62,"y":-18.3,"rotation":-90,"width":334,"height":112}},"GOOD_guang1":{"GOOD_guang1":{"x":-32.07,"y":-1.16,"width":377,"height":150}},"GOOD_guang2":{"GOOD_guang2":{"x":9.97,"y":-3.01,"width":1111,"height":101}}}}],"animations":{"1xing_citiao":{"slots":{"GOOD_XX1":{"color":[{"time":1.6667,"color":"ffffff21"}],"attachment":[{"name":null},{"time":1.6667,"name":"GOOD_XX1"}]},"GOOD_XX5":{"attachment":[{"name":null}]},"GOOD_XX6":{"color":[{"time":1.6667,"color":"ffffff21"}],"attachment":[{"name":null},{"time":1.6667,"name":"GOOD_XX1"}]},"GOOD_XX7":{"color":[{"time":1.6667,"color":"ffffff21"}],"attachment":[{"name":null}]},"GOOD_dd1":{"attachment":[{"name":null}]},"GOOD_dd2":{"attachment":[{"name":null}]},"GOOD_dd3":{"attachment":[{"name":null}]},"GOOD_dd4":{"attachment":[{"name":null}]},"GOOD_dd5":{"attachment":[{"name":null}]},"GOOD_dd6":{"attachment":[{"name":null}]},"GOOD_dd7":{"attachment":[{"name":null}]},"GOOD_dd8":{"attachment":[{"name":null}]},"GOOD_dd9":{"attachment":[{"name":null}]},"GOOD_dd10":{"attachment":[{"name":null}]},"GOOD_dd11":{"attachment":[{"name":null}]},"GOOD_dd12":{"attachment":[{"name":null}]},"GOOD_diguang":{"color":[{"time":1.3,"color":"ffffffff"},{"time":1.4333,"color":"ffffff08"}],"attachment":[{"name":null},{"time":0.9333,"name":"GOOD_diguang"},{"time":1.5,"name":null}]},"GOOD_good":{"color":[{"time":1.5333,"color":"ffffffff"},{"time":1.6667,"color":"ffffff00"}],"attachment":[{"name":null},{"time":1.0333,"name":"GOOD_good"}]},"GOOD_guang1":{"color":[{"time":1.3,"color":"ffffffff"},{"time":1.5,"color":"ffffff07"}],"attachment":[{"name":null},{"time":1.0333,"name":"GOOD_guang1"}]},"GOOD_guang2":{"color":[{"color":"ffffff00","curve":"stepped"},{"time":1.2333,"color":"ffffff00"},{"time":1.3667,"color":"ffffffff","curve":"stepped"},{"time":1.5333,"color":"ffffffff"},{"time":1.6667,"color":"ffffff00"}]}},"bones":{"bone17":{"rotate":[{"time":1.6667,"angle":139.58}],"translate":[{"time":1.6667,"x":-166.8,"y":-63.54}],"scale":[{"time":1.6667,"x":0.4,"y":0.4}]},"bone18":{"rotate":[{"time":1.6667,"angle":4.95}],"translate":[{"time":1.6667,"x":176.87,"y":-62.38}],"scale":[{"time":1.6667,"x":0.25,"y":0.25}]},"bone19":{"rotate":[{"time":1.6667,"angle":139.58}],"translate":[{"time":1.6667,"x":-48.68,"y":57.08}]},"bone20":{"rotate":[{"time":1.6667,"angle":4.95}],"translate":[{"time":1.6667,"x":261.17,"y":-0.88}],"scale":[{"time":1.6667,"x":0.25,"y":0.25}]},"bone21":{"translate":[{"time":1.6667,"x":-194.71,"y":45.38}]},"bone22":{"translate":[{"time":1.6667,"x":-314.01,"y":18.71}]},"bone23":{"translate":[{"time":1.6667,"x":420.41,"y":19.48}]},"bone24":{"translate":[{"time":1.6667,"x":178.66,"y":41.46}]},"bone25":{"translate":[{"time":1.6667,"x":93.06,"y":-94.82}]},"bone26":{"translate":[{"time":1.6667,"x":78.07,"y":71.88}]},"bone27":{"translate":[{"time":1.6667,"x":-290.05,"y":-39.06}]},"bone28":{"translate":[{"time":1.6667,"x":-441.19,"y":-15.53}]},"bone29":{"translate":[{"time":1.6667,"x":-346.38,"y":4}]},"bone30":{"translate":[{"time":1.6667,"x":-53.85,"y":-76.26}]},"bone31":{"translate":[{"time":1.6667,"x":38.18,"y":-61.48}]},"bone14":{"translate":[{"time":1.0333,"y":-13.62},{"time":1.1667,"y":90.82,"curve":0.25,"c3":0.75},{"time":1.3,"y":-17.03,"curve":0.25,"c3":0.75},{"time":1.4}],"scale":[{"time":1.0333,"x":0.342,"y":0.342,"curve":0.25,"c3":0.75},{"time":1.1667,"x":1.34,"y":1.792,"curve":0.25,"c3":0.75},{"time":1.3,"x":0.828,"y":0.828,"curve":0.25,"c3":0.75},{"time":1.4}]},"GOOD_good":{"translate":[{"time":1.0333,"y":14.55,"curve":0.25,"c3":0.75},{"time":1.1667,"y":81.79,"curve":0.25,"c3":0.75},{"time":1.3,"y":-6.94,"curve":0.25,"c3":0.75},{"time":1.4}],"scale":[{"time":1.0333,"x":0.414,"y":0.414,"curve":0.25,"c3":0.75},{"time":1.1667,"x":1.109,"y":1.109,"curve":0.25,"c3":0.75},{"time":1.3,"x":0.654,"y":0.906,"curve":0.276,"c3":0.621,"c4":0.4},{"time":1.4,"x":0.756,"y":0.919,"curve":0.333,"c2":0.33,"c3":0.758},{"time":1.5,"x":0.964,"y":0.976}]},"bone33":{"translate":[{"time":1.6667,"x":142.15,"y":86.89}]},"bone15":{"scale":[{"time":1.2333,"x":0.2},{"time":1.3667}]}},"deform":{"default":{"GOOD_diguang":{"GOOD_diguang":[{"time":0.9333,"curve":0.25,"c3":0.625,"c4":0.5,"vertices":[1803.4648,0,1803.4648,0,1803.4648,0,1803.4648]},{"time":1.1667,"curve":"stepped","vertices":[1.65894,0,-90.62561,0,-90.62561,0,1.65894]},{"time":1.2333,"curve":0.375,"c2":0.5,"c3":0.75,"vertices":[1.65894,0,-90.62561,0,-90.62561,0,1.65894]},{"time":1.5,"vertices":[-1995.0089,68.56506,-2911.325,68.56506,-2911.325,-62.90082,-1995.0089,-62.90082]}]}}}}}},[0]]],0,0,[0],[-1],[0]]