[1,["ecpdLyjvZBwrvm+cedCcQy","76OlHWMbZC75J0XVSi3dgZ","40tAgzFuZEyrlxllQcld4R","1aa2d4505","a2MjXRFdtLlYQ5ouAFv/+R"],["node","_spriteFrame","root","_textureSetter","bgNode","tiaoNode","jianYanLabel","bianJiLabel","scene","_parent"],[["cc.Node",["_name","_id","_opacity","_active","_components","_parent","_contentSize","_children","_color","_trs","_prefab"],-1,9,1,5,2,5,7,4],["cc.Widget",["_alignFlags","_originalWidth","_originalHeight","node"],0,1],["cc.PrefabInfo",["fileId","root"],2,1],["cc.Sprite",["_sizeMode","node","_materials","_spriteFrame"],2,1,3,6],"cc.SpriteFrame",["cc.SceneAsset",["_name","asyncLoadAssets"],1],["cc.Node",["_name","_parent","_components","_color","_contentSize","_trs"],2,1,2,5,5,7],["cc.Canvas",["_fitWidth","_fitHeight","node","_designResolution"],1,1,5],["df13ad6CdtFhp9uucAXsIC/",["node"],3,1],["ba00bud/zlDiY6tClWPdHIa",["viewWidth","viewHeight","node","bgNode"],1,1,1],["858970ZsXNOcpzdwRAxST5n",["node"],3,1],["b276fOW8MRNTqj/bpy0hngz",["node","bianJiLabel","jianYanLabel","tiaoNode"],3,1,1,1,1],["cc.Camera",["_clearFlags","_depth","node"],1,1],["cf8a66RO2hJWJN7q1dt4/zn",["node"],3,1],["cc.BlockInputEvents",["node"],3,1],["c61c0OGRkxGBqEB0icrBo6y",["node"],3,1],["cc.Scene",["_name","_active","_children","_anchorPoint","_trs"],1,2,5,7],["cc.Label",["_string","_fontSize","_N$verticalAlign","node","_materials"],0,1,3]],[[3,0,1,2,3,2],[0,0,5,7,4,2],[0,0,5,4,10,6,2],[6,0,1,2,3,4,5,2],[2,1,1],[2,0,1,2],[3,1,2,3,1],[14,0,1],[17,0,1,2,3,4,4],[5,0,1,3],[0,0,1,7,4,8,6,9,3],[0,0,5,7,4,10,2],[0,0,5,4,6,9,2],[0,0,5,4,8,6,9,2],[0,0,5,7,4,10,6,2],[0,0,5,7,6,2],[0,0,2,5,4,8,6,3],[0,0,3,5,4,6,3],[7,0,1,2,3,3],[8,0,1],[9,0,1,2,3,3],[1,0,3,2],[1,0,1,2,3,4],[10,0,1],[11,0,1,2,3,1],[12,0,1,2,3],[13,0,1],[15,0,1],[16,0,1,2,3,4,3]],[[[{"name":"icon_disconnected","rect":[3,3,701,58],"offset":[0,0],"originalSize":[701,58],"rotated":1,"capInsets":[0,0,0,0]}],[4],0,[0],[3],[3]],[[[9,"Teacher",null],[10,"Canvas","a286bbGknJLZpRpxROV6M94",[-6,-7,-8,-9,-10],[[18,true,false,-1,[5,2048,1252]],[19,-2],[20,2048,1252,-4,-3],[21,45,-5]],[4,4294769916],[5,2048,1252],[1024,626,0,0,0,0,1,1,1,1]],[11,"maskMgs",1,[-13],[[23,-12]],[4,-11]],[1,"title",1,[-18,-19,-20],[[24,-17,-16,-15,-14]]],[12,"Main Camera",1,[[25,7,-1,-21],[0,0,-22,[0],1]],[5,2048,1252],[0,0,219.97045256124744,0,0,0,1,1,1,1]],[2,"LoadingUI",1,[[22,45,750,1334,-24],[26,-25]],[4,-23],[5,2048,1252]],[13,"New Node",3,[[0,0,-26,[4],5]],[4,4286545791],[5,506,10],[0,605.60498046875,0,0,0,0,1,1,1,1]],[14,"_nd_mask",2,[-28],[[7,-27]],[5,"1fgy0LNitL5ZZ1Ur2nolrb",2],[5,2048,1152]],[1,"recoverMask",1,[-30],[[27,-29]]],[15,"_nd_mask",8,[-31,-32],[5,2048,1152]],[16,"img_bg",0,9,[[7,-33],[0,0,-34,[8],9]],[4,4278190080],[5,2048,1152]],[28,"New Node",false,[1],[0,0,0],[0,0,0,0,0,0,1,1,1,1]],[3,"New Node",3,[-35],[4,4278190080],[5,180,50.4],[-356,603.60498046875,0,0,0,0,1,1,1,1]],[8,"录入题目信息",30,1,12,[2]],[3,"New Node",3,[-36],[4,4286545791],[5,120,50.4],[343,603.60498046875,0,0,0,0,1,1,1,1]],[8,"检测题目",30,1,14,[3]],[2,"_nd_loading",7,[[6,-37,[6],7]],[5,"48JENK3V5H7L6dF+YnCVPO",2],[5,701,58]],[17,"_nd_loading",false,9,[[6,-38,[10],11]],[5,701,58]]],0,[0,0,1,0,0,1,0,4,4,0,0,1,0,0,1,0,-1,4,0,-2,3,0,-3,2,0,-4,8,0,-5,5,0,2,2,0,0,2,0,-1,7,0,5,6,0,6,15,0,7,13,0,0,3,0,-1,12,0,-2,14,0,-3,6,0,0,4,0,0,4,0,2,5,0,0,5,0,0,5,0,0,6,0,0,7,0,-1,16,0,0,8,0,-1,9,0,-1,10,0,-2,17,0,0,10,0,0,10,0,-1,13,0,-1,15,0,0,16,0,0,17,0,8,11,1,9,11,38],[0,0,0,0,0,0,0,0,0,0,0,0],[-1,1,-1,-1,-1,1,-1,1,-1,1,-1,1],[0,1,0,0,0,1,0,2,0,4,0,2]]]]