{"paths":{"0":["audios/over_yingyu",0],"1":["audios/over_yuwen",0],"2":["audios/settle_star0",0],"3":["audios/settle_star1",0],"4":["audios/settle_star2",0],"5":["audios/settle_star3",0],"6":["audios/sfx_buttn",0],"7":["audios/sfx_error",0],"8":["audios/sfx_genneg",0],"9":["audios/sfx_genpos",0],"10":["audios/sfx_geupgrd",0],"11":["audios/star_good",0],"12":["audios/star_great",0],"13":["audios/star_perfect",0],"14":["spine/battleSuccess/WPJ_DANJUN",5],"15":["spine/battleSuccess/WPJ_DANJUN",3],"16":["spine/loading/loading_01",5],"17":["spine/starCount/en1/1xing",5],"18":["spine/starCount/en1/1xing",3],"19":["spine/starCount/en2/2xing",5],"20":["spine/starCount/en2/2xing",3],"21":["spine/starCount/en3/3xing",5],"22":["spine/starCount/en3/3xing",3],"23":["spine/starCount/star1/1xing",5],"24":["spine/starCount/star1/1xing",3],"25":["spine/starCount/star2/2xing",5],"26":["spine/starCount/star2/2xing",3],"27":["spine/starCount/star3/3xing",5],"28":["spine/starCount/star3/3xing",3],"29":["spine/starCount/star3/3xing2",3],"30":["spine/starCount/star3/3xing3",3],"31":["subject/like/overTips/rongchi",5],"32":["subject/like/overTips/rongchi",3],"33":["subject/like/star/perfect_gulugulu",5],"34":["subject/like/star/perfect_gulugulu",3],"35":["subject/like/star/perfect_pig",5],"36":["subject/like/star/perfect_pig",3],"37":["subject/yingyu/overTips/Excellent",5],"38":["subject/yingyu/overTips/Excellent",3],"39":["subject/yingyu/overTips/hongseyanhua",5],"40":["subject/yingyu/overTips/hongseyanhua",3],"41":["subject/yingyu/overTips/huangseyanhua",5],"42":["subject/yingyu/overTips/huangseyanhua",3],"43":["subject/yingyu/overTips/xiaoyanhua",5],"44":["subject/yingyu/overTips/xiaoyanhua",3],"45":["subject/yingyu/replay",3],"46":["subject/yingyu/star/perfect_dakuan",5],"47":["subject/yingyu/star/perfect_dakuan",3],"48":["subject/yuwen/overTips/ni zhen bang",5],"49":["subject/yuwen/overTips/ni zhen bang",3],"50":["subject/yuwen/star/perfect_jingwei",5],"51":["subject/yuwen/star/perfect_jingwei",3],"52":["images/loadingUI/yuwen/loading_bg",3],"53":["images/loadingUI/yingyu/loading_bg",3],"54":["images/AutoAtlas",1],"55":["images/loadingUI/like/dig-1",2,1],"56":["images/loadingUI/like/dig",2,1],"57":["images/loadingUI/like/jindu_bg",2,1],"58":["images/loadingUI/like/jindu",2,1],"59":["images/loadingUI/yingyu/Img_dian",2,1],"60":["images/loadingUI/yingyu/loading_bg",2,1],"61":["images/loadingUI/yingyu/pg_jindutiao",2,1],"62":["images/loadingUI/yingyu/pgbg_jindutiao",2,1],"63":["images/loadingUI/yuwen/loading_bg",2,1],"64":["images/loadingUI/yuwen/loading_page",1],"65":["images/MainUI/bg_titile",2,1],"66":["images/MainUI/btn_more_challenge",2,1],"67":["images/MainUI/btn_playAgain_normal",2,1],"68":["images/MainUI/btn_playAgain_normalbg",2,1],"69":["images/MainUI/btn_replay",2,1],"70":["images/MainUI/btn01",2,1],"71":["images/MainUI/btn02",2,1],"72":["images/MainUI/icon_disconnected",2,1],"73":["images/MainUI/icon_forbid",2,1],"74":["images/MainUI/levelBoard",2,1],"75":["images/MainUI/singleColor",2,1],"76":["images/MainUI/toast",2,1],"77":["images/MainUI/u",2,1],"78":["images/MainUI/u2",2,1],"79":["images/MainUI/yuanJiao",2,1],"80":["images/OverTips/img_exit",2,1],"81":["images/OverTips/word",1],"82":["images/StarCount/xiaodi/0",2,1],"83":["images/StarCount/xiaodi/1",2,1],"84":["images/StarCount/xiaodi/2",2,1],"85":["images/StarCount/xiaodi/3",2,1],"86":["images/StarCount/youxiao/0",2,1],"87":["images/StarCount/youxiao/1",2,1],"88":["images/StarCount/youxiao/2",2,1],"89":["images/StarCount/youxiao/3",2,1],"90":["prefab/item/replayBtn",4],"91":["prefab/item/Tip",4],"92":["prefab/panel/AffirmTips",4],"93":["prefab/panel/ErrorPanel",4],"94":["prefab/panel/LoadingUI",4],"95":["prefab/panel/maskMgs",4],"96":["prefab/panel/OverTips",4],"97":["prefab/panel/StarCount",4],"98":["prefab/panel/SubmissionPanel",4],"99":["prefab/panel/TipUI",4],"100":["prefab/panel/UploadAndReturnPanel",4],"101":["spine/battleSuccess/WPJ_DANJUN",6],"102":["spine/battleSuccess/WPJ_DANJUN",2,1],"103":["spine/loading/loading_01",6],"104":["spine/loading/loading_01",3],"105":["spine/loading/loading_01",2,1],"106":["spine/starCount/en1/1xing",6],"107":["spine/starCount/en1/1xing",2,1],"108":["spine/starCount/en2/2xing",6],"109":["spine/starCount/en2/2xing",2,1],"110":["spine/starCount/en3/3xing",6],"111":["spine/starCount/en3/3xing",2,1],"112":["spine/starCount/star1/1xing",6],"113":["spine/starCount/star1/1xing",2,1],"114":["spine/starCount/star2/2xing",6],"115":["spine/starCount/star2/2xing",2,1],"116":["spine/starCount/star3/3xing",6],"117":["spine/starCount/star3/3xing",2,1],"118":["spine/starCount/star3/3xing2",2,1],"119":["spine/starCount/star3/3xing3",2,1],"120":["subject/like/overTips/rongchi",6],"121":["subject/like/overTips/rongchi",2,1],"122":["subject/like/star/perfect_gulugulu",6],"123":["subject/like/star/perfect_gulugulu",2,1],"124":["subject/like/star/perfect_pig",6],"125":["subject/like/star/perfect_pig",2,1],"126":["subject/yingyu/overTips/Excellent",6],"127":["subject/yingyu/overTips/Excellent",2,1],"128":["subject/yingyu/overTips/hongseyanhua",6],"129":["subject/yingyu/overTips/hongseyanhua",2,1],"130":["subject/yingyu/overTips/huangseyanhua",6],"131":["subject/yingyu/overTips/huangseyanhua",2,1],"132":["subject/yingyu/overTips/xiaoyanhua",6],"133":["subject/yingyu/overTips/xiaoyanhua",2,1],"134":["subject/yingyu/replay",2,1],"135":["subject/yingyu/star/perfect_dakuan",6],"136":["subject/yingyu/star/perfect_dakuan",2,1],"137":["subject/yuwen/overTips/ni zhen bang",6],"138":["subject/yuwen/overTips/ni zhen bang",2,1],"139":["subject/yuwen/star/perfect_jingwei",6],"140":["subject/yuwen/star/perfect_jingwei",2,1]},"types":["cc.AudioClip","cc.SpriteAtlas","cc.SpriteFrame","cc.Texture2D","cc.Prefab","cc.Asset","sp.SkeletonData"],"uuids":["9cAS+QvalD4Z/ch9V3iqdY","cejZZ8JhxJVoSGDq+9Vp6p","3cJFJJAoNC470jOCD++Vuh","ecqxwOOIZM3YAltbhwZJMt","736VFfxZdNxJFXtWACFG1R","66ickMRENIyKsF29OO7PaM","34ihn/a7ZNv58dRlWEDe84","20qAI+DARHcK/qTQmLKP9h","2fgCUTNIdEK5jrrr3SyASE","82j+sWOk9NAamuIcu9Ox8C","e4dTcn4mVEQbB7QwZkPOzL","b049l0WjxHoJG5cfbP5xY4","029AHBYjBLs5+s6SomLwZK","6ay0BwSa5PhaUezcxbgna8","b57CdTxKVITIR/2gOWWq1R","ectH9ZWSxJBq2Kw4Xd82Hs","6c60PA6i5DSaoBcODaMgtd","dbhYD5S8NASYIux2ki/aT2","81Xssf6NpPa67Ofg41FTOG","64KE/xemNCN4D7bhu40tKX","0fDg/6fqxHUYET4pFRm+9A","3cW2fLg9ZPQp2x1MktvWDU","d33jns2ttE2Zogyzq+aCxD","91yrOqfnpIR6G6Nsj4+nAP","31an6cPF5EPZV5h80BL61V","5bJJe/ezBAqqDz9nSz3OT2","e2WnX2THJKFJ69cCO3lBfb","45mSReESFEs7r/MKy4Rd7w","cdYAkRCYlIxpyIHSNhHdQ6","26/XTBSwNK0K67+nRjEX8e","10KjnBbeZKe5KJ5NRb5YHH","5e/U1q0xlB/ayx6/xNYobB","61lLKOcthH3rb7tTQJQvDh","96yDsR4HlPG7I+ooZ37py2","04HT3p3lFFfpBhlPaCMR3K","44W1sFva9KJa9beh23pf6C","eb7sFZHXZF4Ygb4SxSBpJb","748/OHRxVFMYuwjCotOTkY","f68DN6aBhKW6xok5lSLgWP","6fcwger6ZG/KMUvg6CR1FD","8aa9Y+YPBCwJQwKE5Jl4PE","4a7E1g16dHAK/BBpWZbJL5","19BaZW1GtBiI5mNVuqvz7C","9dJGTc2XhDeIat4F7CCHv7","a6jDZmLptAz50EMa+oP91m","cddU47EfJNDYkVjDFSqasI","beHRjnZPFIpLW/EJRDoeJT","a4R86Sr89Os66wCUxJTH7e","cfM0jVq5hCK6AQYG06I0kb","84/hSGvq1FT5QscMit492m","8cRFj92nFG8LfHhtaqzJIb","e6ns0/cPpLzrg0C8FEbF7K","91DYkNYalNwbka2me8VBnS","3dxE1aiidOyrWNiRFMND29","baP7UpxG5M+Y4iNrFtNpbz","29zej73Z9JgY68Lr7E+2Wz","69JdsLysdA4YZxMeLbOhVz","d2NAKKr7lPioV14lP40bo+","15xfMuKiJE1ajcG1rVTdzs","0bUf8NCyVOw5ImkWX7cO2w","87J4U6piVEmZZGBf1iJ6L2","5eir4PFQZEvL6d1CS7By2U","edxGfl8ItI4KpjNQIP4FWb","30+6XE2mFNQoRxvBCSX9pb","60ljiFIUJBIqhw4oTavFzw","47t8O2AQJMm5ti7zYMym9W","68ug2gnPlMvrlRiGL3sVEr","8en2pOgl1I57v0weXh1FKP","32o/oUApVEsbMycQJ1P4gf","b5AWOqG7VJQ5jItpZNaHUv","31dyOYhK5DH6xtK1ew1mdi","78/dcSo/JEdafSAhXCTM6e","40tAgzFuZEyrlxllQcld4R","c6NDNaFH1Id4UTz4wiC9Zp","81IUWcisVCl5pQ0hqq8L81","76OlHWMbZC75J0XVSi3dgZ","66IE5zJJpOmJ5iwHe2imNf","71lEdSTSBOK7cdRfh05sbX","a5p08S5rVGGrHgprq1wtnS","9b4np7sSJMHLOBZs4Yo7cD","88GVySgb1MA4JPDp50upJ0","0b9HOG5itBZZU8VECJsv7X","755fkrPm1GealgXv22KD0z","957/y56+FODYrW30iWGWFc","14wMZVb2ZHfo5MVR7LhgVd","52z98+wC1PgIfqDtnKqLEo","9fK5T8/m9CPYyn/Pm8tgC9","63v1+BliFBzpN903NWBLpb","1akZQdoVJC661JfWSkWGgf","1dNqXYYV9Iba+u4Jxn/lxn","16h6eS5DxDIopvFE1hhsWZ","72qOwd+yVBCKj8ws0IcuL2","32onFG1nRIqalqUxymqq3+","011+ZKlcNFwpW/BEDI0Vp2","d9t8+uSM9JcLUNyITquG+I","23tfaFTadI1qHWfPoTQC/t","6cb62PnQlCp7wZHq/pexLM","d5U9l6MaNIQbTI+nEiIbTI","batH8HNLFKvatt6hP9hs2m","95sjkbcW1K9ZTlBKT2I/QE","7cbR0rLc9EA7ZUytz3tA+x","84hCqKvYFAcpjLFeoun+E/","86MpOPTY9HxpsIFkLMQAl5","93u2P5heJI+qXs6oddCrFt","58MfI42OJASKcPaEj0RgZp","c8pvs8xL1FzKAB2yB/RFbu","f8vMf+sWJP6bCkQcoN5g+h","b0vEg+nVVE8L5fDw+wISnx","8eUk9rjh9IALbJZG4j293N","22V/gN/PVBRrJn0rXU8TEL","b18XZmcl1Gkrqef9xQJ303","0cjlUO6K5PbrygRwYV9Xz0","91xd4e/GdJI7sfSB7Rrej0","4dulrfROpGxJHdnrlZbKUn","d3rJWZcERPqbbPjoX+iSlO","13+lYZkpVAd7liLG+K5AnL","2fdSbLJANNfIH1IKIa86pW","9d1WqAJt5G3JnEca5F27S7","743cRU/NJKmqg2zKAnRozG","1d5VAlin1NPKTiVnJfv0We","d02yjpH/dAwo4p7+ecH44O","cc8/z2sXxI54HPHlFOWBXl","9d1MW4YXZB+Yv5RLFS78aZ","e6PsKf5nxAJqADZ4Jn0JuM","4bl35DD65G5KOm/6ETG/r1","fc/X8ZDR1HsKTZKpDFy1pb","13gk2nDEBL9ZkeSDKaQbOM","fdEC1ceWNNt7mmnuxmsIYA","68f6EturBEu5SF5f7PF61J","e0H6Kee/BGo7QPEwdgAW+t","f248EHSLpFN6um3Av7REd2","d0MyNj+ppOOJ7a6urrjL8S","eeCQ21LARPY6BRORX4Lble","baG0fqwwdHA6BWX/YVTDzr","13FqkcCzxAj6gI6QkUuoij","b6zAMta8FItL2yCWy4WWIZ","9arwpCFK5FI4hefEedXLtQ","d8c8na9AFKZL1tkhd4O7ER","20zq4M1HBBjalWuAkl1mtk","95QRVhLG1CX5u3wB4GSa05","65gkzT81ZAcIKI07t/rrua","19ea2f013","1959e3dc7","1380d49ba","40YpoDiwZBtqVEzCBCNozc","84g4U40z9Hf7BpVQYFlhB4","dd5iJ4SXlFNrdysZI/nhy7","94F87cYOVO877kCq3XbJpu","89e//VbpdGS6dqDaRFLeCR","8fF5VfAapEwqMeUSGV9ij/","4aa1qXX79K7pEOS+fLjhU3","5ehMh95LNFdbvgB+q34kyu","6agUCm059NM6Jx4vUH4fLS","b9nj2KII9G54JBmukQ7Qy5","ebOD88xbhLspYnKueMlcYT","34uTvhTkpKX5QImjV+9PHh","a2BOWRyEVFhYwh2QS25ws5","d8964cpqBIo4L3eFNcBm6P","6abpXAcTNDgKA+YWYhLFnd","d9rxVLy0xBnquwBTgsFvyo","ecpdLyjvZBwrvm+cedCcQy","7a/QZLET9IDreTiBfRn2PD"],"scenes":{},"redirect":[65,0,70,0,71,0,72,1,74,0,75,0,103,0,104,0,160,2,161,2],"deps":["resources","main","internal"],"packs":{"0a4c6966c":[144,64,145,146],"0772a1298":[81,155,150,151,158,152,148,149,147,156,153,157,154],"0dac28062":[90,68,67],"0271a1bfb":[76,91],"07dbf2c1b":[92,78],"067dfe123":[96,80],"0ae875084":[66,69],"0285bde05":[34,20,30,143,42,142,141,29,24,53,32,18,49,40,52,47,44,28,45,22,26,51,36,15,38]},"name":"frameRes","importBase":"import","nativeBase":"native","debug":false,"isZip":false,"encrypted":false,"versions":{"import":[93,"d3a13","0271a1bfb","46892","0285bde05","c0fea",12,"b0e1a","067dfe123","0edda","0772a1298","42655","07dbf2c1b","1e438","0a4c6966c","3bae6","0ae875084","6d0e0",59,"67375",111,"20827","0dac28062","bb954",134,"5eb03",126,"40bd5",115,"56a1e",84,"3a9f4",58,"2aaa8",88,"93e66",89,"c530a",119,"e8fdd",7,"c883e",138,"b1cd5",109,"b9932",95,"ba416",55,"e3a7a",116,"0a974",8,"50937",63,"b0a4e",6,"e3765",2,"88daa",21,"1bb64",35,"3e6a2",27,"1bb64",41,"88814",124,"629d1",113,"e8be9",85,"2ba00",25,"8ee13",61,"20e4e",31,"d3122",87,"d9bf5",19,"8ee13",140,"71b84",5,"2f10d",128,"76b1b",56,"201f6",13,"65c1c",16,"3d014",39,"358de",77,"7c3dd",4,"854f0",118,"72918",37,"13d71",82,"4432d",100,"494cf",9,"0e63c",101,"39a2c",102,"2d9ee",60,"69640",50,"625e0",108,"c4e7a",112,"c3aa3",23,"f4229",139,"615f7",99,"41650",83,"efb5a",33,"16d92",136,"be0f7",79,"41f64",0,"43e59",43,"a951a",122,"bbe3f",117,"6eb9d",86,"5f697",107,"77467",11,"4b4f5",110,"f9c39",14,"e1e83",135,"03309",133,"7659b",54,"0b0ae",98,"7ab61",46,"ce278",73,"3e2bd",105,"6a951",121,"e835d",1,"6a727",48,"d4e35",131,"134bd",120,"87806",57,"05cba",114,"fce51",97,"f584c",137,"52c22",159,"238f0",94,"e66ba",17,"f4229",129,"ce39d",10,"e443a",123,"f1019",3,"3cf9d",62,"fac1c",132,"30371",130,"f15cb",106,"8ea54",125,"87d07",127,"5ba65"],"native":[12,"97f51",34,"c31b3",20,"aea10",30,"bb5d4",143,"a56d4",42,"29c0d",142,"11a28",141,"cc7d3",7,"377fd",29,"773e6",8,"8b09e",24,"5b789",6,"b99a2",2,"cb067",21,"f9c3b",53,"c09d3",35,"0ab5d",27,"1b2da",41,"ab90b",25,"31580",31,"23101",32,"f02b3",19,"0fc0e",5,"c84d2",13,"4e68d",16,"64f74",39,"2fbb7",4,"13c0b",37,"581e6",18,"5b74b",9,"6d93b",49,"a22d2",40,"f2d96",50,"a3765",52,"f429d",23,"d124f",33,"fa709",0,"a9b9f",43,"23045",47,"0ccc5",44,"dbcf6",11,"7e770",14,"eba90",46,"c629c",28,"528dc",45,"7b179",1,"92f79",48,"e8a80",22,"d93a6",17,"bd10c",26,"0857a",10,"59192",51,"0b3b2",36,"6f45f",3,"02418",15,"3a4c8",38,"f6a65"]}}