[1,["ecpdLyjvZBwrvm+cedCcQy","abPRjCsthAfbm3vxhAbtI+","b1H8NO0utMvY0qIsifbRjV","1848nwEQRAmK0B5OEEazwA","b9IuFn7PRBvY+2o7969DIS","705SAQGTxCA6ISi5D1n9aw","a2MjXRFdtLlYQ5ouAFv/+R","9cL69PR/FJn7YwCyGCRL3d","c4ZAi1dHVPopfW1qNs+ei2","4aSP8j8alIsKxzwsNSUwa7","d64QFT3UdLIKHqPCy5Fx8l","d8zMh14xNB8aWuVCKX7TpV","00Ys0PdqVMq52oZMVCf1/A","becnjvSNxKq5m3Ri6tAlki","b6ErXZM6BGX504mf62eieB","aeo4VPlX9I5q0PZSetoJRg","07SIKd2d9KgIvKMqSK3M8T","9dTCeIehVHEKXsuKe7PcvG","8f8vX0l95K7oyvv2EETXcu","3d7mCgbJxHHZChL0LuM8Mf","05c+YLBltDYqvpNkKLidhK","71HMtPfyZFPZDzrKekHlW5","54oGEpFQ1Dj6E0Fcf0SVG3","fdcfTwR8JNqJV6MTzXEB1o","07Gq5QlnpCBJPrEbDLYdFW","f42NqaGIpGmLsgzxnJ12za","58KFEhP4JIIL4VGVit7pbA","d6IoCBTkJC6a++3TaEC29J","c5mgGQ/IpAyobJlCP32KWp","cbqTzUWSxKyKV3g20pml74","31tWO/hDdEkZhx7PaFhe7W","b1hCZNU/ZLm56C/YWdRA58","aamrLu9iNEGZiD9pntGZUP","73litmu2BLLIWaUqQtscMk","97SbzhzTdLkpGQT6A79JiA","671QLvYNxJbbfEZ91Xg45O","492nRlrZBEYqlKPFdfF5N5","50vAIzwQJHpY7UIjgbN4qC","96D/hNushHXYPwIYmPPSyG","8bS+Hq5ApF0qpKipAb0/vH","90XgGW7j1BP5VdXg0rlHym","07khgKtlVEVY5qtzp8sMzB","3eUs0h3hFPyoZZYBDLsUCC","22bOa0jFREP6Toub/CfTL5","8dZd9TbZ9GyY8CgSONwZQ2","c6PoTZJIlDzLzlqZAvwtuk","66ExysxuZCtpMjpM1B5pjE","47ybhWdN9IjbVPWVUTmmew","1b9n3m0qFONpPe8fYT26Hk","c20Hyu5mpKbJzLa2MbQ4Y2","20Vb+fgrJLa6G3ti2bmCkc","f6T1/kWlpFz7wafA4KomZA","77GaU6F0hPzL7vV9ObHHz8","f2474YgyFHT5iPzdJrl9YQ","3dxWMkgXFGv6hdydm2SSxh","82dgMT7EFClbUfSUovpb00","f14KdVzGhL/ItWzntv5ijT","dbHUx1ZHhPK7C6hB4/M85m","bfEDukfmhG84uWIGBgyHhy","f4Mp56WwBEp7X60AGvbtKz","baKuKfV3NKoqVSbAattnt+","56nFeN3GFPd569uu1DUoVH","9bRVjHugBI25kvhV7m14YQ","0al1eFV/FF/pW+hSvqZAwU","a7lEKJRjJM/JIn/2or9iib","5cyoLBbUNGspoKXM6FaIMd","89pxJlCktJUJsAPi8Rb1H1","bffLI3bHJNtaaGw2m2A3NO","eesUm8FQ9Oco/brP6LOoJD","3eZjdolLZAvb0OHXmzqkwU","47JpVwXkJKf5F9VDbZRTwV","6fHgk/ZMJNn7cCOfNkJ1xy","b7QFI3GE9HJJktVwjumQU3","a6p3U1ZAFGiphSE2yS5/ig","3a0ZdymcdGuZfQw/5SOXOT","9c/abuhMNNxq2rJ/oLZ2DK","02delMVqdBD70a/HSD99FK","bc8giDpIxDcr0fODbh6kQ3","7dnoEMdPFC0qwjr5DCdExo","3f3qdjUTdPyqHzKPpp1nXJ","34bxWDwA9DnKyBa/Lom+c8","8b431yWTRG171ntgdMU/vX","078xohL7xGi5+1iVpgxF12","0ePc8RdydCxqrPGDMCIbdw","712vbcbspI34nEBrk7bpsa","10le3O5oJJZ4gZMB6k1GV2","9fIWFNtw5C0Z3EH4oHXMz1","0fOBjZQFxJRJ3fA3g2952G","3eP5XCvwBOTIbRJFACq3zY","56hQLt6ZFK0YE4jFeWlz80","9avSXYA69A/LkLHFe/qqEi","9dYje1mgpH+rQTfiHOnltp"],["node","_spriteFrame","_textureSetter","target","_N$target","_N$normalSprite","_N$pressedSprite","_N$hoverSprite","_N$disabledSprite","_N$file","root","wrongTime","itemPanel","secondLayerLabel","countdown","title","secondLayer","firstLayer","endLayer2","endLayer","startLayer","data","_parent"],["cc.SpriteFrame",["cc.Node",["_name","_active","_objFlags","_opacity","_prefab","_components","_contentSize","_parent","_children","_trs","_color"],-1,4,9,5,1,2,7,5],["d31ccYlmDlEsInlQGdP3H4Y",["pingxing","dunjiao","zhijiao","ruijiao","chuizhi","ganraoxiang","node"],-3,1],["cc.Label",["_string","_N$verticalAlign","_N$horizontalAlign","_isSystemFontUsed","_N$overflow","node","_materials","_N$file"],-2,1,3,6],["cc.Sprite",["_sizeMode","_type","node","_materials","_spriteFrame"],1,1,3,6],["cc.Node",["_name","_opacity","_parent","_components","_prefab","_color","_contentSize","_trs"],1,1,2,4,5,5,7],["cc.PrefabInfo",["fileId","root"],2,1],["2f150r3uJdDXYDw/eUhynln",["isScale","node","touchEndEvents"],2,1,9],["cc.Prefab",["_name"],2],["246c2OOkGlKHoa6ZJOVEHI+",["node"],3,1],["cc.Mask",["_N$alphaThreshold","node","_materials"],2,1,3],["cc.BlockInputEvents",["node"],3,1],["947c756X4FGkphYsPImDeJ3",["node","startLayer","endLayer","endLayer2","firstLayer","secondLayer","title","countdown","secondLayerLabel","itemPanel","wrongTime"],3,1,1,1,1,1,1,1,1,1,1,1],["cc.ClickEvent",["_componentId","handler","target"],1,1],["cc.Button",["_N$transition","node","_N$normalColor","_N$pressedColor","_N$disabledColor","_N$target","_N$normalSprite","_N$pressedSprite","_N$hoverSprite","_N$disabledSprite"],2,1,5,5,5,1,6,6,6,6],["cc.Widget",["alignMode","_alignFlags","_originalWidth","_originalHeight","node"],-1,1],["cc.TTFFont",["_name","_native"],1]],[[6,0,1,2],[4,2,3,4,1],[1,0,7,5,4,6,9,2],[13,0,1,2,3],[7,1,2,1],[11,0,1],[1,0,7,8,5,4,6,9,2],[1,0,7,5,4,6,2],[2,0,4,2,6,4],[1,0,7,8,5,4,6,2],[1,0,1,7,8,5,4,6,3],[1,0,2,7,5,4,6,3],[4,1,0,2,3,4,3],[2,1,3,6,3],[14,0,1,2,3,4,5,6,7,8,9,2],[15,0,1,2,3,4,5],[5,0,2,3,4,5,6,7,2],[4,0,2,3,4,2],[2,0,1,3,6,4],[2,5,6,2],[2,3,6,2],[2,0,6,2],[2,0,2,6,3],[8,0,2],[1,0,8,5,4,6,2],[1,0,8,4,2],[1,0,1,7,5,4,10,6,9,3],[1,0,3,7,5,4,6,3],[1,0,7,5,4,10,6,9,2],[5,0,1,2,3,4,5,6,7,3],[9,0,1],[10,0,1,2,2],[12,0,1,2,3,4,5,6,7,8,9,10,1],[6,1,1],[2,1,6,2],[2,0,4,2,1,6,5],[2,0,4,2,3,6,5],[2,0,2,1,6,4],[7,0,1,2,2],[3,0,2,1,5,6,4],[3,0,3,1,5,6,4],[3,0,3,2,1,5,6,5],[3,0,1,4,5,6,4],[3,0,3,2,1,5,6,7,5],[16,0,1,3]],[[[{"name":"daojishidi","rect":[0,0,365,122],"offset":[0,0],"originalSize":[365,122],"capInsets":[0,0,0,0]}],[0],0,[0],[2],[10]],[[{"name":"img_yijia","rect":[0,0,209,129],"offset":[0,0],"originalSize":[209,129],"capInsets":[0,0,0,0]}],[0],0,[0],[2],[11]],[[{"name":"img_taideng","rect":[0,0,158,213],"offset":[0,0],"originalSize":[158,213],"capInsets":[0,0,0,0]}],[0],0,[0],[2],[12]],[[{"name":"bg-chengshi","rect":[0,0,2048,1152],"offset":[0,0],"originalSize":[2048,1152],"capInsets":[0,0,0,0]}],[0],0,[0],[2],[13]],[[{"name":"danjuncuowuwenzi-shuzi","rect":[0,0,440,277],"offset":[0,0],"originalSize":[440,277],"capInsets":[0,0,0,0]}],[0],0,[0],[2],[14]],[[{"name":"youxijiesuan-dianji","rect":[0,0,410,156],"offset":[0,0],"originalSize":[410,156],"capInsets":[0,0,0,0]}],[0],0,[0],[2],[15]],[[{"name":"img_qi","rect":[0,0,150,248],"offset":[0,0],"originalSize":[150,248],"capInsets":[0,0,0,0]}],[0],0,[0],[2],[16]],[[{"name":"img_jianbi","rect":[0,0,138,115],"offset":[0,0],"originalSize":[138,115],"capInsets":[0,0,0,0]}],[0],0,[0],[2],[17]],[[[23,"GamePanel"],[24,"GamePanel",[-16,-17,-18,-19,-20,-21],[[30,-2],[31,0,-3,[114]],[5,-4],[32,-15,-14,-13,-12,-11,-10,-9,-8,-7,-6,-5]],[33,-1],[5,2048,1152]],[25,"itemPanel",[-22,-23,-24,-25,-26,-27,-28,-29,-30,-31,-32,-33,-34,-35,-36,-37,-38,-39,-40,-41,-42,-43],[0,"e35P/y4JFFLJbFjwm8jLmc",1]],[9,"gameUI",1,[-45,-46,-47,-48,2,-49],[[5,-44]],[0,"7dYO6C1xZBcYOqDY7sG8iN",1],[5,2048,1152]],[10,"endLayer",false,1,[-51,-52,-53,-54,-55],[[5,-50]],[0,"658DJvdnNG3qe9HQDk8BC3",1],[5,2048,1152]],[10,"endLayer2",false,1,[-57,-58,-59,-60,-61],[[5,-56]],[0,"bd+rA9U+xO8J2VqHMRCjMk",1],[5,2048,1152]],[10,"firstLayer",false,1,[-63,-64,-65,-66],[[5,-62]],[0,"05I976BghNEqs0m1gTdprm",1],[5,2048,1152]],[10,"scondLayer",false,1,[-68,-69,-70],[[5,-67]],[0,"7cyNvTc+JOxpj6RuccPJsg",1],[5,2048,1152]],[9,"StartLayer",1,[-72,-73,-74],[[5,-71]],[0,"20wlL73u5MA4h95tiguYdz",1],[5,2048,1152]],[2,"img_tuopan",2,[[1,-75,[10],11],[18,true,true,true,-76],[4,-78,[[3,"d31ccYlmDlEsInlQGdP3H4Y","onClick",-77]]]],[0,"71G7YkSi5P04oRAUGQTpDO",1],[5,247,141],[-766.084,278.576,0,0,0,0,1,1,1,1]],[2,"img_huixuanbiao",2,[[1,-79,[12],13],[4,-81,[[3,"d31ccYlmDlEsInlQGdP3H4Y","onClick",-80]]],[34,true,-82]],[0,"24p7wbkVlD0KOp90KoYvWI",1],[5,216,101],[-459.651,275.094,0,0,0,0,1,1,1,1]],[2,"img_yijia",2,[[1,-83,[14],15],[4,-85,[[3,"d31ccYlmDlEsInlQGdP3H4Y","onClick",-84]]],[13,true,true,-86]],[0,"ecJMZOFKNBr5U0vZewJRck",1],[5,209,129],[-163.664,299.469,0,0,0,0,1,1,1,1]],[2,"img_dajian",2,[[1,-87,[16],17],[4,-89,[[3,"d31ccYlmDlEsInlQGdP3H4Y","onClick",-88]]],[13,true,true,-90]],[0,"98BsnUU9JGzZACf/8O9gM7",1],[5,209,102],[121.877,295.987,0,0,0,0,1,1,1,1]],[2,"img_yueyeche",2,[[1,-91,[18],19],[4,-93,[[3,"d31ccYlmDlEsInlQGdP3H4Y","onClick",-92]]],[19,true,-94]],[0,"2axSDrubRFSJZZwcjxZ+c9",1],[5,250,155],[452.686,292.505,0,0,0,0,1,1,1,1]],[2,"img_xiangkuang",2,[[1,-95,[20],21],[4,-97,[[3,"d31ccYlmDlEsInlQGdP3H4Y","onClick",-96]]],[35,true,true,true,true,-98]],[0,"42iKbBhxFAGLHaSIbzij58",1],[5,196,211],[773.049,268.13,0,0,0,0,1,1,1,1]],[2,"img_sanjiaoqi",2,[[1,-99,[22],23],[4,-101,[[3,"d31ccYlmDlEsInlQGdP3H4Y","onClick",-100]]],[20,true,-102]],[0,"d5VWuItS9C9qv9ElE7sSkq",1],[5,252,83],[-769.567,69.644,0,0,0,0,1,1,1,1]],[2,"img_tiegui",2,[[1,-103,[24],25],[4,-105,[[3,"d31ccYlmDlEsInlQGdP3H4Y","onClick",-104]]],[21,true,-106]],[0,"edFHG3LU5KNbDCtkxTj/W/",1],[5,225,122],[-473.58,69.644,0,0,0,0,1,1,1,1]],[2,"img_jianbi",2,[[1,-107,[26],27],[4,-109,[[3,"d31ccYlmDlEsInlQGdP3H4Y","onClick",-108]]],[36,true,true,true,true,-110]],[0,"96Etb1tpVO1rcoIOKZMsDa",1],[5,138,115],[-160.181,83.573,0,0,0,0,1,1,1,1]],[2,"img_qiaokeli",2,[[1,-111,[28],29],[4,-113,[[3,"d31ccYlmDlEsInlQGdP3H4Y","onClick",-112]]],[8,true,true,true,-114]],[0,"57SKhhKINBAaqE4cvz8ASH",1],[5,138,167],[100.984,97.502,0,0,0,0,1,1,1,1]],[2,"img_tiaoxingma",2,[[1,-115,[30],31],[4,-117,[[3,"d31ccYlmDlEsInlQGdP3H4Y","onClick",-116]]],[21,true,-118]],[0,"aeQy5ZzyVIVrRRVDjem/ZD",1],[5,226,133],[428.311,76.608,0,0,0,0,1,1,1,1]],[2,"img_guzi",2,[[1,-119,[32],33],[4,-121,[[3,"d31ccYlmDlEsInlQGdP3H4Y","onClick",-120]]],[8,true,true,true,-122]],[0,"53L9EcobhIfbJX9haZVqyY",1],[5,264,201],[770.593,-42.224,0,0,0,0,1,1,1,1]],[2,"img_wuxing",2,[[1,-123,[34],35],[4,-125,[[3,"d31ccYlmDlEsInlQGdP3H4Y","onClick",-124]]],[13,true,true,-126]],[0,"bdtOO02U5Nq5LkSmnbYmkX",1],[5,159,176],[-797.197,-119.465,0,0,0,0,1,1,1,1]],[2,"img_chuizi",2,[[1,-127,[36],37],[4,-129,[[3,"d31ccYlmDlEsInlQGdP3H4Y","onClick",-128]]],[8,true,true,true,-130]],[0,"42hHF/QLJG7bTSkiMWypCF",1],[5,168,167],[-475.561,-128.654,0,0,0,0,1,1,1,1]],[2,"img_naicha",2,[[1,-131,[38],39],[4,-133,[[3,"d31ccYlmDlEsInlQGdP3H4Y","onClick",-132]]],[19,true,-134]],[0,"97x9C3PntHqroZCd5vGNMJ",1],[5,163,221],[-192.981,-126.357,0,0,0,0,1,1,1,1]],[2,"img_luyinji",2,[[1,-135,[40],41],[4,-137,[[3,"d31ccYlmDlEsInlQGdP3H4Y","onClick",-136]]],[22,true,true,-138]],[0,"b1XFiEfJJL7ocYx6lNZ2Sy",1],[5,221,128],[172.305,-133.249,0,0,0,0,1,1,1,1]],[2,"img_tizi",2,[[1,-139,[42],43],[4,-141,[[3,"d31ccYlmDlEsInlQGdP3H4Y","onClick",-140]]],[8,true,true,true,-142]],[0,"c8R+SfZz1Bf6YQ2w4A71xT",1],[5,130,217],[457.182,-147.033,0,0,0,0,1,1,1,1]],[2,"img_pisa",2,[[1,-143,[44],45],[4,-145,[[3,"d31ccYlmDlEsInlQGdP3H4Y","onClick",-144]]],[20,true,-146]],[0,"35Z6+zSEFB0KLwFMOvynYu",1],[5,174,172],[-445.722,-379.56,0,0,0,0,1,1,1,1]],[2,"img_luzhang",2,[[1,-147,[46],47],[4,-149,[[3,"d31ccYlmDlEsInlQGdP3H4Y","onClick",-148]]],[8,true,true,true,-150]],[0,"bc2PXyC3JOVoUg0oCCqGqS",1],[5,208,164],[-119.465,-374.476,0,0,0,0,1,1,1,1]],[2,"img_taideng",2,[[1,-151,[48],49],[4,-153,[[3,"d31ccYlmDlEsInlQGdP3H4Y","onClick",-152]]],[18,true,true,true,-154]],[0,"d9ZwdjBORKN5D3FHyzwMdF",1],[5,158,213],[192.981,-365.286,0,0,0,0,1,1,1,1]],[2,"img_chizi",2,[[1,-155,[50],51],[4,-157,[[3,"d31ccYlmDlEsInlQGdP3H4Y","onClick",-156]]],[22,true,true,-158]],[0,"8aJcQ89CxMBZNRBy6o93gc",1],[5,136,154],[489.345,-376.773,0,0,0,0,1,1,1,1]],[2,"img_qi",2,[[1,-159,[52],53],[4,-161,[[3,"d31ccYlmDlEsInlQGdP3H4Y","onClick",-160]]],[37,true,true,true,-162]],[0,"8frZpzgSJAHpZ3evW277cj",1],[5,150,248],[794.899,-342.312,0,0,0,0,1,1,1,1]],[6,"taxt",7,[-164,-165],[[1,-163,[60],61]],[0,"fejrXsC2xAw6JACrhfC8zI",1],[5,440,223],[121.613,224.354,0,0,0,0,1,1,1,1]],[9,"New Button",4,[-169],[[14,2,-167,[4,4293322470],[4,4291348680],[4,3363338360],-166,80,81,82,83],[4,-168,[[3,"947c756X4FGkphYsPImDeJ3","ocClickReplay",1]]]],[0,"05Kblo7+5LWpiO0q/9dNNa",1],[5,410,156]],[11,"Background",512,32,[[12,1,0,-170,[78],79],[15,0,45,100,40,-171]],[0,"dcCK4EaZ5Iqalx4fR9mOAl",1],[5,410,156]],[6,"New Button copy",4,[-175],[[14,2,-173,[4,4293322470],[4,4291348680],[4,3363338360],-172,86,87,88,89],[4,-174,[[3,"947c756X4FGkphYsPImDeJ3","onClickGameOver",1]]]],[0,"f9U0lp0kBK/LIlqa/O782n",1],[5,410,156],[533.695,0,0,0,0,0,1,1,1,1]],[11,"Background",512,34,[[12,1,0,-176,[84],85],[15,0,45,100,40,-177]],[0,"228I7wIYVEo6RN5R7meBG9",1],[5,410,156]],[9,"New Button",5,[-181],[[14,2,-179,[4,4293322470],[4,4291348680],[4,3363338360],-178,102,103,104,105],[4,-180,[[3,"947c756X4FGkphYsPImDeJ3","ocClickReplay",1]]]],[0,"160fLnJRFOyoDA8VLhFc5z",1],[5,410,156]],[11,"Background",512,36,[[12,1,0,-182,[100],101],[15,0,45,100,40,-183]],[0,"bfIrBW3rFLrIAKEzNAdEC9",1],[5,410,156]],[6,"tigan",3,[-185],[[1,-184,[3],4]],[0,"d2arNKsjRO1ZJ5IZtjaFUN",1],[5,686,122],[-642.147,474.128,0,0,0,0,1,1,1,1]],[6,"daojishidi",3,[-187],[[1,-186,[6],7]],[0,"dcC1IxxeBGeLvvxGCycOpg",1],[5,365,122],[713.077,477.833,0,0,0,0,1,1,1,1]],[26,"wrongTime",false,3,[[39,"-5",1,1,-188,[54]]],[0,"68LZUkz2RI3JaglbXf1GTD",1],[4,4278190335],[5,35.57,50.4],[753.546,493.94,0,0,0,0,1,1,1,1]],[6,"danjunzhengquewenzi-shuzi",5,[-190],[[1,-189,[98],99]],[0,"98Kv5/hgRITp5LUvHs7YUM",1],[5,440,223],[-364.403,304.384,0,0,0,0,1,1,1,1]],[6,"New Sprite(Splash)",41,[-192],[[17,0,-191,[96],97]],[0,"72vOuWLNJGiKZAXGVa585N",1],[5,365,123],[11,4,0,0,0,0,1,1,1,1]],[2,"btn_start",8,[[1,-193,[112],113],[38,1.2,-194,[[3,"947c756X4FGkphYsPImDeJ3","onClickStart",1]]]],[0,"83jXYso5lNJZOniXKsNhN+",1],[5,210,210],[0,-203.461,0,0,0,0,1,1,1,1]],[7,"bg-zhuhuamian",3,[[1,-195,[0],1]],[0,"33gQK3JytIspmzIH8pA6yi",1],[5,2048,1152]],[16,"New Label",38,[-196],[0,"dfxTzAvVdCy4a3zVLyKFRn",1],[4,4286414205],[5,462.92,50.4],[-71.219,0,0,0,0,0,1,1,1,1]],[40,"找出含有平行线的物品3个",false,1,45,[2]],[16,"New Label",39,[-197],[0,"cdlArIPlpNs4PTGL0TCLbX",1],[4,4286414205],[5,93.12,50.4],[50.192,8.618,0,0,0,0,1,1,1,1]],[41,"Label",false,1,1,47,[5]],[2,"danjunxiao",3,[[1,-198,[8],9]],[0,"b8AjrLjuZENpJNcfJLWUVV",1],[5,347,255],[-807.871,-393.489,0,0,0,0,1,1,1,1]],[27,"bg",139,7,[[1,-199,[55],56]],[0,"28CWwYqkhLh6VeCHfbfSTk",1],[5,2048,1152]],[2,"New Sprite(Splash)",31,[[17,0,-200,[57],58]],[0,"e1WzydpVNAU7cWULGNNnFl",1],[5,364.6,105.1],[13.187,11.446,0,0,0,0,1,1,1,1]],[29,"New Label",178,31,[-201],[0,"f4sYKUd8RNcKA5LqP7y6Y3",1],[4,4278190080],[5,350.9,90.39999999999999],[5.838,9.646,0,0,0,0,1,1,1,1]],[42,"找出含有平行线的3个物品",1,3,52,[59]],[2,"danjunda",7,[[1,-202,[62],63]],[0,"6eTk7rO4hNu7bw7dYIrleA",1],[5,613,451],[-243.225,-44.032,0,0,0,0,1,1,1,1]],[7,"bg-chengshi",6,[[1,-203,[64],65]],[0,"b0vqERbpVLGLz2SiFp9GM8",1],[5,2048,1152]],[2,"feidiebkaixin",6,[[1,-204,[66],67]],[0,"50Hmk2y05A9ZhSWzEVeH6m",1],[5,397,334],[0,265.551,0,0,0,0,1,1,1,1]],[2,"danjun-danyou",6,[[1,-205,[68],69]],[0,"6d0Yxq+69M271S+Ial3KH0",1],[5,491,361],[-582.994,-97.818,0,0,0,0,1,1,1,1]],[2,"danjuncuowuwenzi-shuzi",6,[[1,-206,[70],71]],[0,"fbZboYrAVJiqg0z3aDh5Xm",1],[5,440,277],[-453.874,207.374,0,0,0,0,1,1,1,1]],[7,"bg-chengshi",4,[[1,-207,[72],73]],[0,"e8ugoYWhdFeJISC8LZE5fr",1],[5,2048,1152]],[2,"danjunjiesuan-kaixin",4,[[1,-208,[74],75]],[0,"00iH22g+5CUo899CGurE+0",1],[5,511,361],[-634.49,0,0,0,0,0,1,1,1,1]],[2,"danjunzhengquewenzi-shuzi",4,[[1,-209,[76],77]],[0,"81qLoewwtDcL9iiz1GsZPU",1],[5,440,223],[-364.403,304.384,0,0,0,0,1,1,1,1]],[7,"bg-chengshi",5,[[1,-210,[90],91]],[0,"43egO8eOVBL5mVOiFSM8uq",1],[5,2048,1152]],[2,"danjunjiesuan-tanqi",5,[[1,-211,[92],93]],[0,"72DnNPlS1HdJIds1bYDJ1R",1],[5,539,361],[-548.748,0,0,0,0,0,1,1,1,1]],[28,"New Label",42,[[43,"你没有找回所有物品哦",false,1,1,-212,[94],95]],[0,"c87kxzrJFEMK6ET9f8a9xJ",1],[4,4286414205],[5,400,50.4],[-8.5,2,0,0,0,0,1,1,1,1]],[2,"youxijiesuan-suoding",5,[[1,-213,[106],107]],[0,"90o9gCaExPNplZnDZBGlZF",1],[5,410,156],[533.695,0,0,0,0,0,1,1,1,1]],[7,"bg-fengmian",8,[[1,-214,[108],109]],[0,"acs2PNXeFOT4Hp+8XcvCa8",1],[5,2048,1152]],[2,"fengmianwenzi",8,[[1,-215,[110],111]],[0,"9aa2WpYcRMa4lN8RfLK5iL",1],[5,1126,351],[0,152.596,0,0,0,0,1,1,1,1]]],0,[0,10,1,0,0,1,0,0,1,0,0,1,0,11,40,0,12,2,0,13,53,0,14,48,0,15,46,0,16,7,0,17,6,0,18,5,0,19,4,0,20,8,0,0,1,0,-1,3,0,-2,7,0,-3,6,0,-4,4,0,-5,5,0,-6,8,0,-1,9,0,-2,10,0,-3,11,0,-4,12,0,-5,13,0,-6,14,0,-7,15,0,-8,16,0,-9,17,0,-10,18,0,-11,19,0,-12,20,0,-13,21,0,-14,22,0,-15,23,0,-16,24,0,-17,25,0,-18,26,0,-19,27,0,-20,28,0,-21,29,0,-22,30,0,0,3,0,-1,44,0,-2,38,0,-3,39,0,-4,49,0,-6,40,0,0,4,0,-1,59,0,-2,60,0,-3,61,0,-4,32,0,-5,34,0,0,5,0,-1,62,0,-2,63,0,-3,41,0,-4,36,0,-5,65,0,0,6,0,-1,55,0,-2,56,0,-3,57,0,-4,58,0,0,7,0,-1,50,0,-2,31,0,-3,54,0,0,8,0,-1,66,0,-2,67,0,-3,43,0,0,9,0,0,9,0,3,9,0,0,9,0,0,10,0,3,10,0,0,10,0,0,10,0,0,11,0,3,11,0,0,11,0,0,11,0,0,12,0,3,12,0,0,12,0,0,12,0,0,13,0,3,13,0,0,13,0,0,13,0,0,14,0,3,14,0,0,14,0,0,14,0,0,15,0,3,15,0,0,15,0,0,15,0,0,16,0,3,16,0,0,16,0,0,16,0,0,17,0,3,17,0,0,17,0,0,17,0,0,18,0,3,18,0,0,18,0,0,18,0,0,19,0,3,19,0,0,19,0,0,19,0,0,20,0,3,20,0,0,20,0,0,20,0,0,21,0,3,21,0,0,21,0,0,21,0,0,22,0,3,22,0,0,22,0,0,22,0,0,23,0,3,23,0,0,23,0,0,23,0,0,24,0,3,24,0,0,24,0,0,24,0,0,25,0,3,25,0,0,25,0,0,25,0,0,26,0,3,26,0,0,26,0,0,26,0,0,27,0,3,27,0,0,27,0,0,27,0,0,28,0,3,28,0,0,28,0,0,28,0,0,29,0,3,29,0,0,29,0,0,29,0,0,30,0,3,30,0,0,30,0,0,30,0,0,31,0,-1,51,0,-2,52,0,4,33,0,0,32,0,0,32,0,-1,33,0,0,33,0,0,33,0,4,35,0,0,34,0,0,34,0,-1,35,0,0,35,0,0,35,0,4,37,0,0,36,0,0,36,0,-1,37,0,0,37,0,0,37,0,0,38,0,-1,45,0,0,39,0,-1,47,0,0,40,0,0,41,0,-1,42,0,0,42,0,-1,64,0,0,43,0,0,43,0,0,44,0,-1,46,0,-1,48,0,0,49,0,0,50,0,0,51,0,-1,53,0,0,54,0,0,55,0,0,56,0,0,57,0,0,58,0,0,59,0,0,60,0,0,61,0,0,62,0,0,63,0,0,64,0,0,65,0,0,66,0,0,67,0,21,1,2,22,3,215],[0,0,0,0,0,0,0,0,0,0,0,0,0,0,0,0,0,0,0,0,0,0,0,0,0,0,0,0,0,0,0,0,0,0,0,0,0,0,0,0,0,0,0,0,0,0,0,0,0,0,0,0,0,0,0,0,0,0,0,0,0,0,0,0,0,0,0,0,0,0,0,0,0,0,0,0,0,0,0,0,0,0,0,0,0,0,0,0,0,0,0,0,0,0,0,0,0,0,0,0,0,0,0,0,0,0,0,0,0,0,0,0,0,0,0,46,48],[-1,1,-1,-1,1,-1,-1,1,-1,1,-1,1,-1,1,-1,1,-1,1,-1,1,-1,1,-1,1,-1,1,-1,1,-1,1,-1,1,-1,1,-1,1,-1,1,-1,1,-1,1,-1,1,-1,1,-1,1,-1,1,-1,1,-1,1,-1,-1,1,-1,1,-1,-1,1,-1,1,-1,1,-1,1,-1,1,-1,1,-1,1,-1,1,-1,1,-1,1,5,6,7,8,-1,1,5,6,7,8,-1,1,-1,1,-1,9,-1,1,-1,1,-1,1,5,6,7,8,-1,1,-1,1,-1,1,-1,1,-1,9,9],[0,18,0,0,19,0,0,20,0,21,0,22,0,23,0,24,0,25,0,26,0,27,0,28,0,29,0,30,0,31,0,32,0,33,0,34,0,35,0,36,0,37,0,38,0,39,0,40,0,41,0,42,0,43,0,0,44,0,6,0,0,2,0,45,0,3,0,46,0,47,0,48,0,3,0,49,0,2,0,1,1,7,1,8,0,4,4,50,4,9,0,3,0,51,0,5,0,6,0,2,0,1,1,7,1,8,0,9,0,52,0,53,0,54,0,5,5]],[[{"name":"kaishiyouxi","rect":[0,0,210,210],"offset":[0,0],"originalSize":[210,210],"capInsets":[0,0,0,0]}],[0],0,[0],[2],[55]],[[{"name":"tigan","rect":[0,0,686,122],"offset":[0,0],"originalSize":[686,122],"capInsets":[0,0,0,0]}],[0],0,[0],[2],[56]],[[{"name":"img_chizi","rect":[0,0,136,154],"offset":[0,0],"originalSize":[136,154],"capInsets":[0,0,0,0]}],[0],0,[0],[2],[57]],[[{"name":"danjun-danyou","rect":[0,0,491,361],"offset":[0,0],"originalSize":[491,361],"capInsets":[0,0,0,0]}],[0],0,[0],[2],[58]],[[{"name":"img_naicha","rect":[0,0,163,221],"offset":[0,0],"originalSize":[163,221],"capInsets":[0,0,0,0]}],[0],0,[0],[2],[59]],[[{"name":"youxijiesuan-suoding","rect":[0,0,410,156],"offset":[0,0],"originalSize":[410,156],"capInsets":[0,0,0,0]}],[0],0,[0],[2],[60]],[[{"name":"img_luyinji","rect":[0,0,221,128],"offset":[0,0],"originalSize":[221,128],"capInsets":[0,0,0,0]}],[0],0,[0],[2],[61]],[[{"name":"img_tuopan","rect":[0,0,247,141],"offset":[0,0],"originalSize":[247,141],"capInsets":[0,0,0,0]}],[0],0,[0],[2],[62]],[[{"name":"img_yueyeche","rect":[0,0,250,155],"offset":[0,0],"originalSize":[250,155],"capInsets":[0,0,0,0]}],[0],0,[0],[2],[63]],[[{"name":"feidiebkaixin","rect":[0,0,397,334],"offset":[0,0],"originalSize":[397,334],"capInsets":[0,0,0,0]}],[0],0,[0],[2],[64]],[[{"name":"img_chuizi","rect":[0,0,168,167],"offset":[0,0],"originalSize":[168,167],"capInsets":[0,0,0,0]}],[0],0,[0],[2],[65]],[[[44,"FZY4JW","FZY4JW.ttf"],-1],0,0,[],[],[]],[[{"name":"danjunxiao","rect":[0,0,347,255],"offset":[0,0],"originalSize":[347,255],"capInsets":[0,0,0,0]}],[0],0,[0],[2],[66]],[[{"name":"img_guzi","rect":[0,0,264,201],"offset":[0,0],"originalSize":[264,201],"capInsets":[0,0,0,0]}],[0],0,[0],[2],[67]],[[{"name":"bg-fengmian","rect":[0,0,2048,1152],"offset":[0,0],"originalSize":[2048,1152],"capInsets":[0,0,0,0]}],[0],0,[0],[2],[68]],[[{"name":"img_pisa","rect":[0,0,174,172],"offset":[0,0],"originalSize":[174,172],"capInsets":[0,0,0,0]}],[0],0,[0],[2],[69]],[[{"name":"bg-zhumohu","rect":[0,0,2048,1152],"offset":[0,0],"originalSize":[2048,1152],"capInsets":[0,0,0,0]}],[0],0,[0],[2],[70]],[[{"name":"bg-zhuhuamian","rect":[0,0,2048,1152],"offset":[0,0],"originalSize":[2048,1152],"capInsets":[0,0,0,0]}],[0],0,[0],[2],[71]],[[{"name":"img_luzhang","rect":[0,0,208,164],"offset":[0,0],"originalSize":[208,164],"capInsets":[0,0,0,0]}],[0],0,[0],[2],[72]],[[{"name":"img_tizi","rect":[0,0,130,217],"offset":[0,0],"originalSize":[130,217],"capInsets":[0,0,0,0]}],[0],0,[0],[2],[73]],[[{"name":"img_wuxing","rect":[0,0,159,176],"offset":[0,0],"originalSize":[159,176],"capInsets":[0,0,0,0]}],[0],0,[0],[2],[74]],[[{"name":"zailaiyici-dianji","rect":[0,0,410,156],"offset":[0,0],"originalSize":[410,156],"capInsets":[0,0,0,0]}],[0],0,[0],[2],[75]],[[{"name":"default_sprite_splash","rect":[0,0,2,2],"offset":[0,0],"originalSize":[2,2],"capInsets":[0,0,0,0]}],[0],0,[0],[2],[76]],[[{"name":"img_tiaoxingma","rect":[0,0,226,133],"offset":[0,0],"originalSize":[226,133],"capInsets":[0,0,0,0]}],[0],0,[0],[2],[77]],[[{"name":"zailaiyici-changtai","rect":[0,0,410,156],"offset":[0,0],"originalSize":[410,156],"capInsets":[0,0,0,0]}],[0],0,[0],[2],[78]],[[{"name":"danjunzhengquewenzi-shuzi","rect":[0,0,440,223],"offset":[0,0],"originalSize":[440,223],"capInsets":[0,0,0,0]}],[0],0,[0],[2],[79]],[[{"name":"img_qiaokeli","rect":[0,0,138,167],"offset":[0,0],"originalSize":[138,167],"capInsets":[0,0,0,0]}],[0],0,[0],[2],[80]],[[{"name":"youxijiesuan-changtai","rect":[0,0,410,156],"offset":[0,0],"originalSize":[410,156],"capInsets":[0,0,0,0]}],[0],0,[0],[2],[81]],[[{"name":"danjunjiesuan-kaixin","rect":[0,0,511,361],"offset":[0,0],"originalSize":[511,361],"capInsets":[0,0,0,0]}],[0],0,[0],[2],[82]],[[{"name":"zailaiyici-suoding","rect":[0,0,410,156],"offset":[0,0],"originalSize":[410,156],"capInsets":[0,0,0,0]}],[0],0,[0],[2],[83]],[[{"name":"img_sanjiaoqi","rect":[0,0,252,83],"offset":[0,0],"originalSize":[252,83],"capInsets":[0,0,0,0]}],[0],0,[0],[2],[84]],[[{"name":"danjunda","rect":[0,0,613,451],"offset":[0,0],"originalSize":[613,451],"capInsets":[0,0,0,0]}],[0],0,[0],[2],[85]],[[{"name":"img_tiegui","rect":[0,0,225,122],"offset":[0,0],"originalSize":[225,122],"capInsets":[0,0,0,0]}],[0],0,[0],[2],[86]],[[{"name":"img_xiangkuang","rect":[0,0,196,211],"offset":[0,0],"originalSize":[196,211],"capInsets":[0,0,0,0]}],[0],0,[0],[2],[87]],[[{"name":"fengmianwenzi","rect":[0,0,1126,351],"offset":[0,0],"originalSize":[1126,351],"capInsets":[0,0,0,0]}],[0],0,[0],[2],[88]],[[{"name":"img_dajian","rect":[0,0,209,102],"offset":[0,0],"originalSize":[209,102],"capInsets":[0,0,0,0]}],[0],0,[0],[2],[89]],[[{"name":"danjunjiesuan-tanqi","rect":[0,0,539,361],"offset":[0,0],"originalSize":[539,361],"capInsets":[0,0,0,0]}],[0],0,[0],[2],[90]],[[{"name":"img_huixuanbiao","rect":[0,0,216,101],"offset":[0,0],"originalSize":[216,101],"capInsets":[0,0,0,0]}],[0],0,[0],[2],[91]]]]