[1,["d33jns2ttE2Zogyzq+aCxD"],0,[["sp.SkeletonData",["_name","_atlasText","textureNames","_skeletonJson","textures"],-1,3]],[[0,0,1,2,3,4,5]],[[0,"3xing","\n3xing.png\nsize: 2048,512\nformat: RGBA8888\nfilter: Linear,Linear\nrepeat: none\nGOOD_diguang\n  rotate: false\n  xy: 2, 150\n  size: 1538, 221\n  orig: 1538, 221\n  offset: 0, 0\n  index: -1\nGOOD_guang1\n  rotate: true\n  xy: 1542, 2\n  size: 369, 143\n  orig: 377, 150\n  offset: 4, 4\n  index: -1\nGOOD_guang2\n  rotate: false\n  xy: 2, 58\n  size: 1090, 90\n  orig: 1111, 101\n  offset: 10, 5\n  index: -1\ngreat\n  rotate: true\n  xy: 1687, 26\n  size: 345, 104\n  orig: 352, 110\n  offset: 3, 3\n  index: -1\n",["3xing.png"],{"skeleton":{"hash":"NDrk6aZBhWmmlpgFYsRwuYsbKuQ","spine":"3.8.99","x":-748.58,"y":-426.64,"width":1538,"height":221,"images":"./images/","audio":"D:/工作/新建文件夹/培优素养课/创新思维--交互游戏/新交互组工作/交互制作/制作整理三星"},"bones":[{"name":"root"},{"name":"bone74","parent":"root","y":-551.23},{"name":"bone7s","parent":"bone74","x":-705.57,"y":157.34},{"name":"bone12s","parent":"bone7s","length":100,"x":18.84,"y":81.15,"color":"df38efff"},{"name":"bone15s","parent":"bone12s","length":70.8,"x":684.69,"y":-0.39,"color":"df38efff"},{"name":"GOOD_good","parent":"bone7s","length":24.35,"rotation":90,"x":712.65,"y":37.63,"color":"df38efff"},{"name":"bone14s","parent":"bone7s","x":711.57,"y":81.42,"color":"df38efff"}],"slots":[{"name":"GOOD_diguang","bone":"bone12s","attachment":"GOOD_diguang"},{"name":"GOOD_guang1","bone":"bone14s","attachment":"GOOD_guang1"},{"name":"GOOD_guang2","bone":"bone15s","attachment":"GOOD_guang2"},{"name":"GOOD_good","bone":"GOOD_good","attachment":"great"}],"skins":[{"name":"default","attachments":{"GOOD_diguang":{"GOOD_diguang":{"type":"mesh","hull":4,"width":1538,"height":221,"uvs":[1,1,0,1,0,0,1,0],"triangles":[1,2,3,1,3,0],"vertices":[1476.16,-113.9,-61.84,-113.9,-61.84,107.1,1476.16,107.1],"edges":[0,2,2,4,4,6,0,6]}},"GOOD_good":{"great":{"x":41.62,"y":-4.35,"rotation":-90,"width":352,"height":110}},"GOOD_guang1":{"GOOD_guang1":{"x":-32.07,"y":-1.16,"width":377,"height":150}},"GOOD_guang2":{"GOOD_guang2":{"x":9.97,"y":-3.01,"width":1111,"height":101}}}}],"animations":{"3xing_kaishi":{"slots":{"GOOD_diguang":{"color":[{"time":1.5333,"color":"ffffffff"},{"time":1.7333,"color":"ffffff08"}],"attachment":[{"name":null},{"time":1.3333,"name":"GOOD_diguang"},{"time":1.8333,"name":null}]},"GOOD_good":{"color":[{"time":2.7667,"color":"ffffffff"},{"time":3,"color":"ffffff00"}],"attachment":[{"name":null},{"time":1.4333,"name":"great"}]},"GOOD_guang1":{"color":[{"time":1.7,"color":"ffffffff"},{"time":1.8,"color":"ffffff07"},{"time":2.1333,"color":"ffffffff"},{"time":2.5333,"color":"ffffff07"},{"time":2.7667,"color":"ffffff83"},{"time":3,"color":"ffffff00"}],"attachment":[{"name":null},{"time":1.4333,"name":"GOOD_guang1"}]},"GOOD_guang2":{"color":[{"color":"ffffff00","curve":"stepped"},{"time":1.6667,"color":"ffffff00"},{"time":1.8,"color":"ffffffff","curve":"stepped"},{"time":2.7667,"color":"ffffffff"},{"time":3,"color":"ffffff00"}]}},"bones":{"bone14s":{"translate":[{},{"time":1.4333,"y":-13.62},{"time":1.5667,"y":90.82,"curve":0.25,"c3":0.75},{"time":1.7,"y":-17.03,"curve":0.25,"c3":0.75},{"time":1.8}],"scale":[{},{"time":1.4333,"x":0.342,"y":0.342,"curve":0.25,"c3":0.75},{"time":1.5667,"x":1.34,"y":1.792,"curve":0.25,"c3":0.75},{"time":1.7,"x":0.828,"y":0.828,"curve":0.25,"c3":0.75},{"time":1.8}]},"GOOD_good":{"translate":[{},{"time":1.4333,"y":14.55,"curve":0.25,"c3":0.75},{"time":1.5667,"y":81.79,"curve":0.25,"c3":0.75},{"time":1.7,"y":-6.94,"curve":0.25,"c3":0.75},{"time":1.8}],"scale":[{},{"time":1.4333,"x":0.414,"y":0.414,"curve":0.25,"c3":0.75},{"time":1.5667,"x":1.109,"y":1.109,"curve":0.25,"c3":0.75},{"time":1.7,"x":0.654,"y":0.906,"curve":0.276,"c3":0.621,"c4":0.4},{"time":1.8,"x":0.756,"y":0.919,"curve":0.333,"c2":0.33,"c3":0.758},{"time":1.9,"x":0.964,"y":0.976}]},"bone15s":{"scale":[{},{"time":1.6667,"x":0.2},{"time":1.8,"curve":0.25,"c3":0.75},{"time":2.1333,"x":0.762,"curve":0.25,"c3":0.75},{"time":2.4667,"curve":0.25,"c3":0.75},{"time":2.7333,"x":0.762,"curve":0.25,"c3":0.75},{"time":3}]}},"deform":{"default":{"GOOD_diguang":{"GOOD_diguang":[{},{"time":1.3333,"curve":0.25,"c3":0.625,"c4":0.5,"vertices":[1803.4648,0,1803.4648,0,1803.4648,0,1803.4648]},{"time":1.5,"curve":"stepped","vertices":[1.65894,0,-90.62561,0,-90.62561,0,1.65894]},{"time":1.5333,"curve":0.375,"c2":0.5,"c3":0.75,"vertices":[1.65894,0,-90.62561,0,-90.62561,0,1.65894]},{"time":1.8333,"vertices":[-1995.0089,68.56506,-2911.325,68.56506,-2911.325,-62.90082,-1995.0089,-62.90082]}]}}}}}},[0]]],0,0,[0],[-1],[0]]