[1,["ecpdLyjvZBwrvm+cedCcQy","76OlHWMbZC75J0XVSi3dgZ","7a/QZLET9IDreTiBfRn2PD","84hCqKvYFAcpjLFeoun+E/","88GVySgb1MA4JPDp50upJ0","b5AWOqG7VJQ5jItpZNaHUv","68ug2gnPlMvrlRiGL3sVEr","19ea2f013"],["node","_spriteFrame","root","btn_additional","data","_N$skeletonData","_textureSetter"],[["cc.Node",["_name","_active","_opacity","_components","_prefab","_contentSize","_parent","_trs","_children","_color","_anchorPoint"],0,9,4,5,1,7,2,5,5],["cc.PrefabInfo",["fileId","root"],2,1],["cc.Sprite",["_sizeMode","node","_materials","_spriteFrame"],2,1,3,6],["cc.Widget",["_alignFlags","_originalWidth","_originalHeight","node"],0,1],"cc.SpriteFrame",["cc.Prefab",["_name"],2],["d402btyepNJObcDSUkLUQcr",["node","btn_additional"],3,1,1],["f496fZ+e7dBKotK1z+dphJ7",["node"],3,1],["3925fEEzjZB3oEPZW3FsYFX",["node"],3,1],["cc.BlockInputEvents",["node"],3,1],["cc.Label",["_fontSize","_lineHeight","_N$horizontalAlign","_N$verticalAlign","_N$overflow","node","_materials"],-2,1,3],["sp.Skeleton",["defaultSkin","_preCacheMode","loop","_animationName","_playTimes","node","_materials","_N$skeletonData"],-2,1,3,6]],[[1,0,1,2],[0,0,6,3,4,5,2],[2,1,2,3,1],[0,0,1,6,3,4,5,7,3],[5,0,2],[0,0,8,3,4,5,2],[0,0,1,6,8,3,4,5,7,3],[0,0,2,6,3,4,9,5,3],[0,0,6,3,4,5,10,7,2],[6,0,1,1],[1,1,1],[7,0,1],[2,0,1,2,3,2],[8,0,1],[3,0,3,2],[3,0,1,2,3,4],[9,0,1],[10,0,1,2,3,4,5,6,6],[11,0,1,2,3,4,5,6,7,6]],[[[[4,"OverTips"],[5,"OverTips",[-4,-5,-6,-7,-8,-9,-10],[[9,-3,-2]],[10,-1],[5,2048,1152]],[6,"_btn_replay",false,1,[-13],[[11,-12]],[0,"2frVKY2C5DlZfJURFXJJRc",-11],[5,456,138],[0,-380,0,0,0,0,1,1,1,1]],[3,"MoreChallenge",false,1,[[2,-14,[9],10],[13,-15]],[0,"c3g7GEHJ1JhZORrKZtxaGO",1],[5,456,138],[0,-380,0,0,0,0,1,1,1,1]],[1,"New Node",1,[[14,45,-16],[16,-17]],[0,"a9Z7PnqalCfKHFZWPIz9T4",1],[5,2048,1152]],[7,"singleColor",127,1,[[12,0,-18,[0],1],[15,45,2,2,-19]],[0,"e6APao66xOFrE0D9NqdehC",1],[4,4278190080],[5,2048,1152]],[8,"_lb_tips",1,[[17,36,50,1,1,3,-20,[2]]],[0,"b3VUTRZiRAgIE4ZS0Vp0em",1],[5,623.2,63],[0,0.5,1],[0,-248.676,0,0,0,0,1,1,1,1]],[1,"_sp_complete",1,[[18,"default",0,false,"tiaozhan_kaishi",1,-21,[3],4]],[0,"cfqPJ7wutLvYKji8Wr0Lcz",1],[5,1190,609]],[3,"_btn_close",false,1,[[2,-22,[5],6]],[0,"39j4fN5PFCs5qz5TPLl1t9",1],[5,91,111],[540.7000122070312,309.29998779296875,0,0,0,0,1,1.2,1,1]],[1,"btn_replay",2,[[2,-23,[7],8]],[0,"79msdg7thEaroAIFI30g/e",2],[5,456,138]]],0,[0,2,1,0,3,3,0,0,1,0,-1,4,0,-2,5,0,-3,6,0,-4,7,0,-5,8,0,-6,2,0,-7,3,0,2,2,0,0,2,0,-1,9,0,0,3,0,0,3,0,0,4,0,0,4,0,0,5,0,0,5,0,0,6,0,0,7,0,0,8,0,0,9,0,4,1,23],[0,0,0,0,0,0,0,0,0,0,0],[-1,1,-1,-1,5,-1,1,-1,1,-1,1],[0,1,0,2,3,0,4,0,5,0,6]],[[{"name":"img_exit","rect":[1940,1869,91,111],"offset":[0,0],"originalSize":[91,111],"capInsets":[0,0,0,0]}],[4],0,[0],[6],[7]]]]