[1,["ecpdLyjvZBwrvm+cedCcQy","1ac3c4e24","40tAgzFuZEyrlxllQcld4R","76OlHWMbZC75J0XVSi3dgZ","a2MjXRFdtLlYQ5ouAFv/+R"],["node","_spriteFrame","_textureSetter","root","_parent","scene"],[["cc.Node",["_name","_id","_opacity","_active","_components","_contentSize","_parent","_children","_trs","_prefab","_color"],-1,9,5,1,2,7,4,5],"cc.SpriteFrame",["cc.Widget",["_alignFlags","_originalWidth","_originalHeight","node"],0,1],["cc.PrefabInfo",["fileId","root"],2,1],["cc.Sprite",["_sizeMode","node","_materials","_spriteFrame"],2,1,3,6],["cc.SceneAsset",["_name","asyncLoadAssets"],1],["cc.Canvas",["_fitWidth","node","_designResolution"],2,1,5],["df13ad6CdtFhp9uucAXsIC/",["node"],3,1],["858970ZsXNOcpzdwRAxST5n",["node"],3,1],["cf8a66RO2hJWJN7q1dt4/zn",["node"],3,1],["cc.Scene",["_name","_active","_children","_anchorPoint","_trs"],1,2,5,7],["cc.Camera",["_clearFlags","_depth","node"],1,1],["cc.BlockInputEvents",["node"],3,1],["c61c0OGRkxGBqEB0icrBo6y",["node"],3,1]],[[3,1,1],[3,0,1,2],[4,0,1,2,3,2],[4,1,2,3,1],[12,0,1],[5,0,1,3],[0,0,1,7,4,5,8,3],[0,0,6,7,4,9,8,2],[0,0,1,4,9,5,8,3],[0,0,6,4,5,8,2],[0,0,6,7,4,9,5,2],[0,0,6,7,4,2],[0,0,6,7,5,2],[0,0,2,6,4,10,5,3],[0,0,6,4,9,5,2],[0,0,3,6,4,5,3],[6,0,1,2,2],[7,0,1],[2,0,3,2],[2,0,1,2,3,4],[8,0,1],[9,0,1],[10,0,1,2,3,4,3],[11,0,1,2,3],[13,0,1]],[[[{"name":"icon_disconnected","rect":[3,3,701,58],"offset":[0,0],"originalSize":[701,58],"rotated":1,"capInsets":[0,0,0,0]}],[1],0,[0],[2],[1]],[[[5,"Student",null],[6,"Canvas","456P4xBRND65dVuHWU6ydJ",[-4,-5,-6],[[16,true,-1,[5,2048,1152]],[17,-2],[18,45,-3]],[5,2048,1152],[1024,576,0,0,0,0,1,1,1,1]],[7,"maskMgs",1,[-9],[[20,-8]],[0,-7],[9,0,0,0,0,0,1,1,1,1]],[8,"LoadingUI","e9nttGoi5GYLS8tA5kC9ov",[[19,45,750,1334,-11],[21,-12]],[0,-10],[5,2048,1152],[1024,576,0,0,0,0,1,1,1,1]],[22,"New Node",false,[1,3],[0,0,0],[0,0,0,0,0,0,1,1,1,1]],[9,"Main Camera",1,[[23,7,-1,-13],[2,0,-14,[0],1]],[5,2048,1152],[0,0,219.97045256124744,0,0,0,1,1,1,1]],[10,"_nd_mask",2,[-16],[[4,-15]],[1,"1fgy0LNitL5ZZ1Ur2nolrb",2],[5,2048,1152]],[11,"recoverMask",1,[-18],[[24,-17]]],[12,"_nd_mask",7,[-19,-20],[5,2048,1152]],[13,"img_bg",0,8,[[4,-21],[2,0,-22,[4],5]],[4,4278190080],[5,2048,1152]],[14,"_nd_loading",6,[[3,-23,[2],3]],[1,"48JENK3V5H7L6dF+YnCVPO",2],[5,701,58]],[15,"_nd_loading",false,8,[[3,-24,[6],7]],[5,701,58]]],0,[0,0,1,0,0,1,0,0,1,0,-1,5,0,-2,2,0,-3,7,0,3,2,0,0,2,0,-1,6,0,3,3,0,0,3,0,0,3,0,0,5,0,0,5,0,0,6,0,-1,10,0,0,7,0,-1,8,0,-1,9,0,-2,11,0,0,9,0,0,9,0,0,10,0,0,11,0,5,4,1,4,4,3,4,4,24],[0,0,0,0,0,0,0,0],[-1,1,-1,1,-1,1,-1,1],[0,3,0,2,0,4,0,2]],[[{"name":"singleColor","rect":[3,710,2,2],"offset":[0,0],"originalSize":[2,2],"capInsets":[0,0,0,0]}],[1],0,[0],[2],[1]]]]